<?xml version="1.0" encoding="UTF-8"?>
<GenRun Id="synth_1" LaunchPart="xc7a35tcpg236-1" LaunchTime="1480661009">
  <File Type="RDS-PROPCONSTRS" Name="Fourier_Register_drc_synth.rpt"/>
  <File Type="PA-TCL" Name="Fourier_Register.tcl"/>
  <File Type="RDS-RDS" Name="Fourier_Register.vds"/>
  <File Type="RDS-UTIL" Name="Fourier_Register_utilization_synth.rpt"/>
  <File Type="RDS-UTIL-PB" Name="Fourier_Register_utilization_synth.pb"/>
  <File Type="RDS-DCP" Name="Fourier_Register.dcp"/>
  <File Type="VDS-TIMINGSUMMARY" Name="Fourier_Register_timing_summary_synth.rpt"/>
  <File Type="VDS-TIMING-PB" Name="Fourier_Register_timing_summary_synth.pb"/>
  <FileSet Name="sources" Type="DesignSrcs" RelSrcDir="$PSRCDIR/sources_1">
    <Filter Type="Srcs"/>
    <File Path="$PSRCDIR/sources_1/new/Fourier_Register.vhd">
      <FileInfo>
        <Attr Name="ImportPath" Val="$PPRDIR/../Final Project/Final Project.srcs/sources_1/new/Fourier_Register.vhd"/>
        <Attr Name="ImportTime" Val="1480532973"/>
        <Attr Name="UsedIn" Val="synthesis"/>
        <Attr Name="UsedIn" Val="simulation"/>
      </FileInfo>
    </File>
    <File Path="$PSRCDIR/sources_1/new/Clock_Divider.vhd">
      <FileInfo>
        <Attr Name="AutoDisabled" Val="1"/>
        <Attr Name="ImportPath" Val="$PPRDIR/../Final Project/Final Project.srcs/sources_1/new/Clock_Divider.vhd"/>
        <Attr Name="ImportTime" Val="1480532973"/>
        <Attr Name="UsedIn" Val="synthesis"/>
        <Attr Name="UsedIn" Val="simulation"/>
      </FileInfo>
    </File>
    <File Path="$PSRCDIR/sources_1/new/Sigma_Delta.vhd">
      <FileInfo>
        <Attr Name="AutoDisabled" Val="1"/>
        <Attr Name="ImportPath" Val="$PPRDIR/../Final Project/Final Project.srcs/sources_1/new/Sigma_Delta.vhd"/>
        <Attr Name="ImportTime" Val="1480532973"/>
        <Attr Name="UsedIn" Val="synthesis"/>
        <Attr Name="UsedIn" Val="simulation"/>
      </FileInfo>
    </File>
    <File Path="$PSRCDIR/sources_1/new/Sev_Seg_Driver.vhd">
      <FileInfo>
        <Attr Name="AutoDisabled" Val="1"/>
        <Attr Name="UsedIn" Val="synthesis"/>
        <Attr Name="UsedIn" Val="simulation"/>
      </FileInfo>
    </File>
    <Config>
      <Option Name="DesignMode" Val="RTL"/>
      <Option Name="TopModule" Val="Fourier_Register"/>
    </Config>
  </FileSet>
  <FileSet Name="constrs_in" Type="Constrs" RelSrcDir="$PSRCDIR/constrs_1">
    <Filter Type="Constrs"/>
    <Config>
      <Option Name="ConstrsType" Val="XDC"/>
    </Config>
  </FileSet>
  <Strategy Version="1" Minor="2">
    <StratHandle Name="Vivado Synthesis Defaults" Flow="Vivado Synthesis 2016"/>
    <Step Id="synth_design"/>
  </Strategy>
</GenRun>
