<?xml version="1.0" encoding="UTF-8"?>
<GenRun Id="impl_1" LaunchPart="xc7a35tcpg236-1" LaunchTime="1481577177">
  <File Type="PWROPT-DRC" Name="Fourier_Func_Gen_drc_pwropted.rpt"/>
  <File Type="OPT-METHODOLOGY-DRC" Name="Fourier_Func_Gen_methodology_drc_opted.rpt"/>
  <File Type="INIT-TIMING" Name="Fourier_Func_Gen_timing_summary_init.rpt"/>
  <File Type="ROUTE-PWR-RPX" Name="Fourier_Func_Gen_power_routed.rpx"/>
  <File Type="PA-TCL" Name="Fourier_Func_Gen.tcl"/>
  <File Type="OPT-HWDEF" Name="Fourier_Func_Gen.hwdef"/>
  <File Type="RDI-RDI" Name="Fourier_Func_Gen.vdi"/>
  <File Type="OPT-DCP" Name="Fourier_Func_Gen_opt.dcp"/>
  <File Type="OPT-DRC" Name="Fourier_Func_Gen_drc_opted.rpt"/>
  <File Type="OPT-TIMING" Name="Fourier_Func_Gen_timing_summary_opted.rpt"/>
  <File Type="PWROPT-DCP" Name="Fourier_Func_Gen_pwropt.dcp"/>
  <File Type="PWROPT-TIMING" Name="Fourier_Func_Gen_timing_summary_pwropted.rpt"/>
  <File Type="PLACE-DCP" Name="Fourier_Func_Gen_placed.dcp"/>
  <File Type="PLACE-IO" Name="Fourier_Func_Gen_io_placed.rpt"/>
  <File Type="PLACE-CLK" Name="Fourier_Func_Gen_clock_utilization_placed.rpt"/>
  <File Type="PLACE-UTIL" Name="Fourier_Func_Gen_utilization_placed.rpt"/>
  <File Type="PLACE-UTIL-PB" Name="Fourier_Func_Gen_utilization_placed.pb"/>
  <File Type="PLACE-CTRL" Name="Fourier_Func_Gen_control_sets_placed.rpt"/>
  <File Type="PLACE-SIMILARITY" Name="Fourier_Func_Gen_incremental_reuse_placed.rpt"/>
  <File Type="PLACE-PRE-SIMILARITY" Name="Fourier_Func_Gen_incremental_reuse_pre_placed.rpt"/>
  <File Type="PLACE-TIMING" Name="Fourier_Func_Gen_timing_summary_placed.rpt"/>
  <File Type="POSTPLACE-PWROPT-DCP" Name="Fourier_Func_Gen_postplace_pwropt.dcp"/>
  <File Type="POSTPLACE-PWROPT-TIMING" Name="Fourier_Func_Gen_timing_summary_postplace_pwropted.rpt"/>
  <File Type="PHYSOPT-DCP" Name="Fourier_Func_Gen_physopt.dcp"/>
  <File Type="PHYSOPT-DRC" Name="Fourier_Func_Gen_drc_physopted.rpt"/>
  <File Type="PHYSOPT-TIMING" Name="Fourier_Func_Gen_timing_summary_physopted.rpt"/>
  <File Type="ROUTE-ERROR-DCP" Name="Fourier_Func_Gen_routed_error.dcp"/>
  <File Type="ROUTE-DCP" Name="Fourier_Func_Gen_routed.dcp"/>
  <File Type="ROUTE-BLACKBOX-DCP" Name="Fourier_Func_Gen_routed_bb.dcp"/>
  <File Type="ROUTE-DRC" Name="Fourier_Func_Gen_drc_routed.rpt"/>
  <File Type="ROUTE-DRC-PB" Name="Fourier_Func_Gen_drc_routed.pb"/>
  <File Type="BG-BIN" Name="Fourier_Func_Gen.bin"/>
  <File Type="ROUTE-DRC-RPX" Name="Fourier_Func_Gen_drc_routed.rpx"/>
  <File Type="BG-DRC" Name="Fourier_Func_Gen.drc"/>
  <File Type="ROUTE-METHODOLOGY-DRC" Name="Fourier_Func_Gen_methodology_drc_routed.rpt"/>
  <File Type="BITSTR-MSK" Name="Fourier_Func_Gen.msk"/>
  <File Type="ROUTE-METHODOLOGY-DRC-RPX" Name="Fourier_Func_Gen_methodology_drc_routed.rpx"/>
  <File Type="BG-BGN" Name="Fourier_Func_Gen.bgn"/>
  <File Type="ROUTE-METHODOLOGY-DRC-PB" Name="Fourier_Func_Gen_methodology_drc_routed.pb"/>
  <File Type="ROUTE-PWR" Name="Fourier_Func_Gen_power_routed.rpt"/>
  <File Type="ROUTE-PWR-SUM" Name="Fourier_Func_Gen_power_summary_routed.pb"/>
  <File Type="ROUTE-STATUS" Name="Fourier_Func_Gen_route_status.rpt"/>
  <File Type="ROUTE-STATUS-PB" Name="Fourier_Func_Gen_route_status.pb"/>
  <File Type="ROUTE-TIMINGSUMMARY" Name="Fourier_Func_Gen_timing_summary_routed.rpt"/>
  <File Type="ROUTE-TIMING-PB" Name="Fourier_Func_Gen_timing_summary_routed.pb"/>
  <File Type="ROUTE-TIMING-RPX" Name="Fourier_Func_Gen_timing_summary_routed.rpx"/>
  <File Type="ROUTE-SIMILARITY" Name="Fourier_Func_Gen_incremental_reuse_routed.rpt"/>
  <File Type="ROUTE-CLK" Name="Fourier_Func_Gen_clock_utilization_routed.rpt"/>
  <File Type="POSTROUTE-PHYSOPT-DCP" Name="Fourier_Func_Gen_postroute_physopt.dcp"/>
  <File Type="POSTROUTE-PHYSOPT-BLACKBOX-DCP" Name="Fourier_Func_Gen_postroute_physopt_bb.dcp"/>
  <File Type="POSTROUTE-PHYSOPT-TIMING" Name="Fourier_Func_Gen_timing_summary_postroute_physopted.rpt"/>
  <File Type="POSTROUTE-PHYSOPT-TIMING-PB" Name="Fourier_Func_Gen_timing_summary_postroute_physopted.pb"/>
  <File Type="POSTROUTE-PHYSOPT-TIMING-RPX" Name="Fourier_Func_Gen_timing_summary_postroute_physopted.rpx"/>
  <File Type="BG-BIT" Name="Fourier_Func_Gen.bit"/>
  <File Type="BITSTR-RBT" Name="Fourier_Func_Gen.rbt"/>
  <File Type="BITSTR-NKY" Name="Fourier_Func_Gen.nky"/>
  <File Type="BITSTR-BMM" Name="Fourier_Func_Gen_bd.bmm"/>
  <File Type="BITSTR-MMI" Name="Fourier_Func_Gen.mmi"/>
  <File Type="BITSTR-SYSDEF" Name="Fourier_Func_Gen.sysdef"/>
  <File Type="WBT-USG" Name="usage_statistics_webtalk.html"/>
  <FileSet Name="sources" Type="DesignSrcs" RelSrcDir="$PSRCDIR/sources_1">
    <Filter Type="Srcs"/>
    <File Path="$PSRCDIR/sources_1/new/Disp_Output.vhd">
      <FileInfo>
        <Attr Name="ImportPath" Val="$PPRDIR/../Final_Project_1/Final_Project_1.srcs/sources_1/new/Disp_Output.vhd"/>
        <Attr Name="ImportTime" Val="1481138058"/>
        <Attr Name="UsedIn" Val="synthesis"/>
        <Attr Name="UsedIn" Val="simulation"/>
      </FileInfo>
    </File>
    <File Path="$PSRCDIR/sources_1/new/Fourier_Register.vhd">
      <FileInfo>
        <Attr Name="ImportPath" Val="$PPRDIR/../Final Project/Final Project.srcs/sources_1/new/Fourier_Register.vhd"/>
        <Attr Name="ImportTime" Val="1480532973"/>
        <Attr Name="UsedIn" Val="synthesis"/>
        <Attr Name="UsedIn" Val="simulation"/>
      </FileInfo>
    </File>
    <File Path="$PSRCDIR/sources_1/new/Sev_Seg_Driver.vhd">
      <FileInfo>
        <Attr Name="ImportPath" Val="$PPRDIR/../Final_Project/Final_Project.srcs/sources_1/new/Sev_Seg_Driver.vhd"/>
        <Attr Name="ImportTime" Val="1480705780"/>
        <Attr Name="UsedIn" Val="synthesis"/>
        <Attr Name="UsedIn" Val="simulation"/>
      </FileInfo>
    </File>
    <File Path="$PSRCDIR/sources_1/new/Sigma_Delta.vhd">
      <FileInfo>
        <Attr Name="ImportPath" Val="$PPRDIR/../Final Project/Final Project.srcs/sources_1/new/Sigma_Delta.vhd"/>
        <Attr Name="ImportTime" Val="1480532973"/>
        <Attr Name="UsedIn" Val="synthesis"/>
        <Attr Name="UsedIn" Val="simulation"/>
      </FileInfo>
    </File>
    <File Path="$PSRCDIR/sources_1/new/Clock_Divider.vhd">
      <FileInfo>
        <Attr Name="ImportPath" Val="$PPRDIR/../Final Project/Final Project.srcs/sources_1/new/Clock_Divider.vhd"/>
        <Attr Name="ImportTime" Val="1480532973"/>
        <Attr Name="UsedIn" Val="synthesis"/>
        <Attr Name="UsedIn" Val="simulation"/>
      </FileInfo>
    </File>
    <File Path="$PSRCDIR/sources_1/new/Fourier_Func_Gen.vhd">
      <FileInfo>
        <Attr Name="ImportPath" Val="$PPRDIR/../Final_Project/Final_Project.srcs/sources_1/new/Fourier_Func_Gen.vhd"/>
        <Attr Name="ImportTime" Val="1480705780"/>
        <Attr Name="UsedIn" Val="synthesis"/>
        <Attr Name="UsedIn" Val="simulation"/>
      </FileInfo>
    </File>
    <File Path="$PSRCDIR/sources_1/new/Scaler.vhd">
      <FileInfo>
        <Attr Name="ImportPath" Val="$PPRDIR/../Final_Project/Final_Project.srcs/sources_1/new/Scaler.vhd"/>
        <Attr Name="ImportTime" Val="1481310789"/>
        <Attr Name="UsedIn" Val="synthesis"/>
        <Attr Name="UsedIn" Val="simulation"/>
      </FileInfo>
    </File>
    <File Path="$PSRCDIR/sources_1/new/SinCos_Decoder.vhd">
      <FileInfo>
        <Attr Name="ImportPath" Val="$PPRDIR/../Final_Project/Final_Project.srcs/sources_1/new/SinCos_Decoder.vhd"/>
        <Attr Name="ImportTime" Val="1481310789"/>
        <Attr Name="UsedIn" Val="synthesis"/>
        <Attr Name="UsedIn" Val="simulation"/>
      </FileInfo>
    </File>
    <File Path="$PSRCDIR/sources_1/new/SinCos_Decoder_Inv.vhd">
      <FileInfo>
        <Attr Name="UsedIn" Val="synthesis"/>
        <Attr Name="UsedIn" Val="simulation"/>
      </FileInfo>
    </File>
    <Config>
      <Option Name="DesignMode" Val="RTL"/>
      <Option Name="TopModule" Val="Fourier_Func_Gen"/>
    </Config>
  </FileSet>
  <FileSet Name="constrs_in" Type="Constrs" RelSrcDir="$PSRCDIR/constrs_1">
    <Filter Type="Constrs"/>
    <File Path="$PSRCDIR/constrs_1/new/Constraints.xdc">
      <FileInfo>
        <Attr Name="ImportPath" Val="$PPRDIR/../Final_Project_1/Final_Project_1.srcs/constrs_1/new/Constraints.xdc"/>
        <Attr Name="ImportTime" Val="1481138058"/>
        <Attr Name="UsedIn" Val="synthesis"/>
        <Attr Name="UsedIn" Val="implementation"/>
      </FileInfo>
    </File>
    <Config>
      <Option Name="TargetConstrsFile" Val="$PSRCDIR/constrs_1/new/Constraints.xdc"/>
      <Option Name="ConstrsType" Val="XDC"/>
    </Config>
  </FileSet>
  <Strategy Version="1" Minor="2">
    <StratHandle Name="Vivado Implementation Defaults" Flow="Vivado Implementation 2016"/>
    <Step Id="init_design"/>
    <Step Id="opt_design"/>
    <Step Id="power_opt_design"/>
    <Step Id="place_design"/>
    <Step Id="post_place_power_opt_design"/>
    <Step Id="phys_opt_design"/>
    <Step Id="route_design"/>
    <Step Id="post_route_phys_opt_design"/>
    <Step Id="write_bitstream"/>
  </Strategy>
</GenRun>
