<?xml version="1.0" encoding="UTF-8" ?>
<webTalkData  fileName='usage_statistics_webtalk.xml'  majorVersion='1' minorVersion='0' timeStamp='Mon Dec 12 13:21:18 2016'>
<section name="__ROOT__" level="0" order="1" description="">
 <section name="software_version_and_target_device" level="1" order="1" description="">
  <keyValuePair key="beta" value="FALSE" description="" />
  <keyValuePair key="build_version" value="1682563" description="" />
  <keyValuePair key="date_generated" value="Mon Dec 12 13:21:18 2016" description="" />
  <keyValuePair key="os_platform" value="WIN64" description="" />
  <keyValuePair key="product_version" value="Vivado v2016.3 (64-bit)" description="" />
  <keyValuePair key="project_id" value="175c14cadc5140268d352ee6d316031c" description="" />
  <keyValuePair key="project_iteration" value="42" description="" />
  <keyValuePair key="random_id" value="7d4e4a01fbe65fdfa3025226e137833a" description="" />
  <keyValuePair key="registration_id" value="7d4e4a01fbe65fdfa3025226e137833a" description="" />
  <keyValuePair key="route_design" value="TRUE" description="" />
  <keyValuePair key="target_device" value="xc7a35t" description="" />
  <keyValuePair key="target_family" value="artix7" description="" />
  <keyValuePair key="target_package" value="cpg236" description="" />
  <keyValuePair key="target_speed" value="-1" description="" />
  <keyValuePair key="tool_flow" value="Vivado" description="" />
 </section>
 <section name="user_environment" level="1" order="2" description="">
  <keyValuePair key="cpu_name" value="Intel(R) Core(TM) i7-6700HQ CPU @ 2.60GHz" description="" />
  <keyValuePair key="cpu_speed" value="2592 MHz" description="" />
  <keyValuePair key="os_name" value="Microsoft Windows 8 or later , 64-bit" description="" />
  <keyValuePair key="os_release" value="major release  (build 9200)" description="" />
  <keyValuePair key="system_ram" value="16.000 GB" description="" />
  <keyValuePair key="total_processors" value="1" description="" />
 </section>
 <section name="report_drc" level="1" order="3" description="">
  <section name="command_line_options" level="2" order="1" description="">
   <keyValuePair key="-append" value="default::[not_specified]" description="" />
   <keyValuePair key="-checks" value="default::[not_specified]" description="" />
   <keyValuePair key="-fail_on" value="default::[not_specified]" description="" />
   <keyValuePair key="-force" value="default::[not_specified]" description="" />
   <keyValuePair key="-format" value="default::[not_specified]" description="" />
   <keyValuePair key="-messages" value="default::[not_specified]" description="" />
   <keyValuePair key="-name" value="default::[not_specified]" description="" />
   <keyValuePair key="-return_string" value="default::[not_specified]" description="" />
   <keyValuePair key="-ruledecks" value="default::[not_specified]" description="" />
   <keyValuePair key="-upgrade_cw" value="default::[not_specified]" description="" />
  </section>
  <section name="results" level="2" order="2" description="">
   <keyValuePair key="cfgbvs-1" value="1" description="" />
   <keyValuePair key="dpip-1" value="19" description="" />
   <keyValuePair key="dpir-1" value="256" description="" />
   <keyValuePair key="dpop-1" value="3" description="" />
   <keyValuePair key="dpop-2" value="2" description="" />
  </section>
 </section>
 <section name="report_methodology" level="1" order="4" description="">
  <section name="command_line_options" level="2" order="1" description="">
   <keyValuePair key="-append" value="default::[not_specified]" description="" />
   <keyValuePair key="-checks" value="default::[not_specified]" description="" />
   <keyValuePair key="-fail_on" value="default::[not_specified]" description="" />
   <keyValuePair key="-force" value="default::[not_specified]" description="" />
   <keyValuePair key="-format" value="default::[not_specified]" description="" />
   <keyValuePair key="-messages" value="default::[not_specified]" description="" />
   <keyValuePair key="-name" value="default::[not_specified]" description="" />
   <keyValuePair key="-return_string" value="default::[not_specified]" description="" />
  </section>
  <section name="results" level="2" order="2" description="">
   <keyValuePair key="synth-11" value="16" description="" />
   <keyValuePair key="synth-13" value="1" description="" />
   <keyValuePair key="timing-17" value="1000" description="" />
   <keyValuePair key="timing-18" value="37" description="" />
  </section>
 </section>
 <section name="report_power" level="1" order="5" description="">
  <section name="command_line_options" level="2" order="1" description="">
   <keyValuePair key="-advisory" value="default::[not_specified]" description="" />
   <keyValuePair key="-append" value="default::[not_specified]" description="" />
   <keyValuePair key="-file" value="[specified]" description="" />
   <keyValuePair key="-format" value="default::text" description="" />
   <keyValuePair key="-hier" value="default::power" description="" />
   <keyValuePair key="-l" value="default::[not_specified]" description="" />
   <keyValuePair key="-name" value="default::[not_specified]" description="" />
   <keyValuePair key="-no_propagation" value="default::[not_specified]" description="" />
   <keyValuePair key="-return_string" value="default::[not_specified]" description="" />
   <keyValuePair key="-rpx" value="[specified]" description="" />
   <keyValuePair key="-verbose" value="default::[not_specified]" description="" />
   <keyValuePair key="-vid" value="default::[not_specified]" description="" />
   <keyValuePair key="-xpe" value="default::[not_specified]" description="" />
  </section>
  <section name="usage" level="2" order="2" description="">
   <keyValuePair key="airflow" value="250 (LFM)" description="" />
   <keyValuePair key="ambient_temp" value="25.0 (C)" description="" />
   <keyValuePair key="bi-dir_toggle" value="12.500000" description="" />
   <keyValuePair key="bidir_output_enable" value="1.000000" description="" />
   <keyValuePair key="board_layers" value="12to15 (12 to 15 Layers)" description="" />
   <keyValuePair key="board_selection" value="medium (10&quot;x10&quot;)" description="" />
   <keyValuePair key="clocks" value="0.003034" description="" />
   <keyValuePair key="confidence_level_clock_activity" value="Low" description="" />
   <keyValuePair key="confidence_level_design_state" value="High" description="" />
   <keyValuePair key="confidence_level_device_models" value="High" description="" />
   <keyValuePair key="confidence_level_internal_activity" value="Medium" description="" />
   <keyValuePair key="confidence_level_io_activity" value="Low" description="" />
   <keyValuePair key="confidence_level_overall" value="Low" description="" />
   <keyValuePair key="customer" value="TBD" description="" />
   <keyValuePair key="customer_class" value="TBD" description="" />
   <keyValuePair key="devstatic" value="0.071815" description="" />
   <keyValuePair key="die" value="xc7a35tcpg236-1" description="" />
   <keyValuePair key="dsp" value="0.009619" description="" />
   <keyValuePair key="dsp_output_toggle" value="12.500000" description="" />
   <keyValuePair key="dynamic" value="0.054505" description="" />
   <keyValuePair key="effective_thetaja" value="5.0" description="" />
   <keyValuePair key="enable_probability" value="0.990000" description="" />
   <keyValuePair key="family" value="artix7" description="" />
   <keyValuePair key="ff_toggle" value="12.500000" description="" />
   <keyValuePair key="flow_state" value="routed" description="" />
   <keyValuePair key="heatsink" value="medium (Medium Profile)" description="" />
   <keyValuePair key="i/o" value="0.038195" description="" />
   <keyValuePair key="input_toggle" value="12.500000" description="" />
   <keyValuePair key="junction_temp" value="25.6 (C)" description="" />
   <keyValuePair key="logic" value="0.001149" description="" />
   <keyValuePair key="mgtavcc_dynamic_current" value="0.000000" description="" />
   <keyValuePair key="mgtavcc_static_current" value="0.000000" description="" />
   <keyValuePair key="mgtavcc_total_current" value="0.000000" description="" />
   <keyValuePair key="mgtavcc_voltage" value="1.000000" description="" />
   <keyValuePair key="mgtavtt_dynamic_current" value="0.000000" description="" />
   <keyValuePair key="mgtavtt_static_current" value="0.000000" description="" />
   <keyValuePair key="mgtavtt_total_current" value="0.000000" description="" />
   <keyValuePair key="mgtavtt_voltage" value="1.200000" description="" />
   <keyValuePair key="netlist_net_matched" value="NA" description="" />
   <keyValuePair key="off-chip_power" value="0.000000" description="" />
   <keyValuePair key="on-chip_power" value="0.126320" description="" />
   <keyValuePair key="output_enable" value="1.000000" description="" />
   <keyValuePair key="output_load" value="5.000000" description="" />
   <keyValuePair key="output_toggle" value="12.500000" description="" />
   <keyValuePair key="package" value="cpg236" description="" />
   <keyValuePair key="pct_clock_constrained" value="9.000000" description="" />
   <keyValuePair key="pct_inputs_defined" value="4" description="" />
   <keyValuePair key="platform" value="nt64" description="" />
   <keyValuePair key="process" value="typical" description="" />
   <keyValuePair key="ram_enable" value="50.000000" description="" />
   <keyValuePair key="ram_write" value="50.000000" description="" />
   <keyValuePair key="read_saif" value="False" description="" />
   <keyValuePair key="set/reset_probability" value="0.000000" description="" />
   <keyValuePair key="signal_rate" value="False" description="" />
   <keyValuePair key="signals" value="0.002509" description="" />
   <keyValuePair key="simulation_file" value="None" description="" />
   <keyValuePair key="speedgrade" value="-1" description="" />
   <keyValuePair key="static_prob" value="False" description="" />
   <keyValuePair key="temp_grade" value="commercial" description="" />
   <keyValuePair key="thetajb" value="7.5 (C/W)" description="" />
   <keyValuePair key="thetasa" value="4.6 (C/W)" description="" />
   <keyValuePair key="toggle_rate" value="False" description="" />
   <keyValuePair key="user_board_temp" value="25.0 (C)" description="" />
   <keyValuePair key="user_effective_thetaja" value="5.0" description="" />
   <keyValuePair key="user_junc_temp" value="25.6 (C)" description="" />
   <keyValuePair key="user_thetajb" value="7.5 (C/W)" description="" />
   <keyValuePair key="user_thetasa" value="4.6 (C/W)" description="" />
   <keyValuePair key="vccadc_dynamic_current" value="0.000000" description="" />
   <keyValuePair key="vccadc_static_current" value="0.020000" description="" />
   <keyValuePair key="vccadc_total_current" value="0.020000" description="" />
   <keyValuePair key="vccadc_voltage" value="1.800000" description="" />
   <keyValuePair key="vccaux_dynamic_current" value="0.001394" description="" />
   <keyValuePair key="vccaux_io_dynamic_current" value="0.000000" description="" />
   <keyValuePair key="vccaux_io_static_current" value="0.000000" description="" />
   <keyValuePair key="vccaux_io_total_current" value="0.000000" description="" />
   <keyValuePair key="vccaux_io_voltage" value="1.800000" description="" />
   <keyValuePair key="vccaux_static_current" value="0.012622" description="" />
   <keyValuePair key="vccaux_total_current" value="0.014016" description="" />
   <keyValuePair key="vccaux_voltage" value="1.800000" description="" />
   <keyValuePair key="vccbram_dynamic_current" value="0.000000" description="" />
   <keyValuePair key="vccbram_static_current" value="0.000163" description="" />
   <keyValuePair key="vccbram_total_current" value="0.000163" description="" />
   <keyValuePair key="vccbram_voltage" value="1.000000" description="" />
   <keyValuePair key="vccint_dynamic_current" value="0.016455" description="" />
   <keyValuePair key="vccint_static_current" value="0.009633" description="" />
   <keyValuePair key="vccint_total_current" value="0.026088" description="" />
   <keyValuePair key="vccint_voltage" value="1.000000" description="" />
   <keyValuePair key="vcco12_dynamic_current" value="0.000000" description="" />
   <keyValuePair key="vcco12_static_current" value="0.000000" description="" />
   <keyValuePair key="vcco12_total_current" value="0.000000" description="" />
   <keyValuePair key="vcco12_voltage" value="1.200000" description="" />
   <keyValuePair key="vcco135_dynamic_current" value="0.000000" description="" />
   <keyValuePair key="vcco135_static_current" value="0.000000" description="" />
   <keyValuePair key="vcco135_total_current" value="0.000000" description="" />
   <keyValuePair key="vcco135_voltage" value="1.350000" description="" />
   <keyValuePair key="vcco15_dynamic_current" value="0.000000" description="" />
   <keyValuePair key="vcco15_static_current" value="0.000000" description="" />
   <keyValuePair key="vcco15_total_current" value="0.000000" description="" />
   <keyValuePair key="vcco15_voltage" value="1.500000" description="" />
   <keyValuePair key="vcco18_dynamic_current" value="0.000000" description="" />
   <keyValuePair key="vcco18_static_current" value="0.000000" description="" />
   <keyValuePair key="vcco18_total_current" value="0.000000" description="" />
   <keyValuePair key="vcco18_voltage" value="1.800000" description="" />
   <keyValuePair key="vcco25_dynamic_current" value="0.000000" description="" />
   <keyValuePair key="vcco25_static_current" value="0.000000" description="" />
   <keyValuePair key="vcco25_total_current" value="0.000000" description="" />
   <keyValuePair key="vcco25_voltage" value="2.500000" description="" />
   <keyValuePair key="vcco33_dynamic_current" value="0.010770" description="" />
   <keyValuePair key="vcco33_static_current" value="0.001000" description="" />
   <keyValuePair key="vcco33_total_current" value="0.011770" description="" />
   <keyValuePair key="vcco33_voltage" value="3.300000" description="" />
   <keyValuePair key="version" value="2016.3" description="" />
  </section>
 </section>
 <section name="report_utilization" level="1" order="6" description="">
  <section name="clocking" level="2" order="1" description="">
   <keyValuePair key="bufgctrl_available" value="32" description="" />
   <keyValuePair key="bufgctrl_fixed" value="0" description="" />
   <keyValuePair key="bufgctrl_used" value="3" description="" />
   <keyValuePair key="bufgctrl_util_percentage" value="9.38" description="" />
   <keyValuePair key="bufhce_available" value="72" description="" />
   <keyValuePair key="bufhce_fixed" value="0" description="" />
   <keyValuePair key="bufhce_used" value="0" description="" />
   <keyValuePair key="bufhce_util_percentage" value="0.00" description="" />
   <keyValuePair key="bufio_available" value="20" description="" />
   <keyValuePair key="bufio_fixed" value="0" description="" />
   <keyValuePair key="bufio_used" value="0" description="" />
   <keyValuePair key="bufio_util_percentage" value="0.00" description="" />
   <keyValuePair key="bufmrce_available" value="10" description="" />
   <keyValuePair key="bufmrce_fixed" value="0" description="" />
   <keyValuePair key="bufmrce_used" value="0" description="" />
   <keyValuePair key="bufmrce_util_percentage" value="0.00" description="" />
   <keyValuePair key="bufr_available" value="20" description="" />
   <keyValuePair key="bufr_fixed" value="0" description="" />
   <keyValuePair key="bufr_used" value="0" description="" />
   <keyValuePair key="bufr_util_percentage" value="0.00" description="" />
   <keyValuePair key="mmcme2_adv_available" value="5" description="" />
   <keyValuePair key="mmcme2_adv_fixed" value="0" description="" />
   <keyValuePair key="mmcme2_adv_used" value="0" description="" />
   <keyValuePair key="mmcme2_adv_util_percentage" value="0.00" description="" />
   <keyValuePair key="plle2_adv_available" value="5" description="" />
   <keyValuePair key="plle2_adv_fixed" value="0" description="" />
   <keyValuePair key="plle2_adv_used" value="0" description="" />
   <keyValuePair key="plle2_adv_util_percentage" value="0.00" description="" />
  </section>
  <section name="dsp" level="2" order="2" description="">
   <keyValuePair key="dsp48e1_only_used" value="17" description="" />
   <keyValuePair key="dsps_available" value="90" description="" />
   <keyValuePair key="dsps_fixed" value="0" description="" />
   <keyValuePair key="dsps_used" value="17" description="" />
   <keyValuePair key="dsps_util_percentage" value="18.89" description="" />
  </section>
  <section name="io_standard" level="2" order="3" description="">
   <keyValuePair key="blvds_25" value="0" description="" />
   <keyValuePair key="diff_hstl_i" value="0" description="" />
   <keyValuePair key="diff_hstl_i_18" value="0" description="" />
   <keyValuePair key="diff_hstl_ii" value="0" description="" />
   <keyValuePair key="diff_hstl_ii_18" value="0" description="" />
   <keyValuePair key="diff_hsul_12" value="0" description="" />
   <keyValuePair key="diff_mobile_ddr" value="0" description="" />
   <keyValuePair key="diff_sstl135" value="0" description="" />
   <keyValuePair key="diff_sstl135_r" value="0" description="" />
   <keyValuePair key="diff_sstl15" value="0" description="" />
   <keyValuePair key="diff_sstl15_r" value="0" description="" />
   <keyValuePair key="diff_sstl18_i" value="0" description="" />
   <keyValuePair key="diff_sstl18_ii" value="0" description="" />
   <keyValuePair key="hstl_i" value="0" description="" />
   <keyValuePair key="hstl_i_18" value="0" description="" />
   <keyValuePair key="hstl_ii" value="0" description="" />
   <keyValuePair key="hstl_ii_18" value="0" description="" />
   <keyValuePair key="hsul_12" value="0" description="" />
   <keyValuePair key="lvcmos12" value="0" description="" />
   <keyValuePair key="lvcmos15" value="0" description="" />
   <keyValuePair key="lvcmos18" value="0" description="" />
   <keyValuePair key="lvcmos25" value="0" description="" />
   <keyValuePair key="lvcmos33" value="1" description="" />
   <keyValuePair key="lvds_25" value="0" description="" />
   <keyValuePair key="lvttl" value="0" description="" />
   <keyValuePair key="mini_lvds_25" value="0" description="" />
   <keyValuePair key="mobile_ddr" value="0" description="" />
   <keyValuePair key="pci33_3" value="0" description="" />
   <keyValuePair key="ppds_25" value="0" description="" />
   <keyValuePair key="rsds_25" value="0" description="" />
   <keyValuePair key="sstl135" value="0" description="" />
   <keyValuePair key="sstl135_r" value="0" description="" />
   <keyValuePair key="sstl15" value="0" description="" />
   <keyValuePair key="sstl15_r" value="0" description="" />
   <keyValuePair key="sstl18_i" value="0" description="" />
   <keyValuePair key="sstl18_ii" value="0" description="" />
   <keyValuePair key="tmds_33" value="0" description="" />
  </section>
  <section name="memory" level="2" order="4" description="">
   <keyValuePair key="block_ram_tile_available" value="50" description="" />
   <keyValuePair key="block_ram_tile_fixed" value="0" description="" />
   <keyValuePair key="block_ram_tile_used" value="0" description="" />
   <keyValuePair key="block_ram_tile_util_percentage" value="0.00" description="" />
   <keyValuePair key="ramb18_available" value="100" description="" />
   <keyValuePair key="ramb18_fixed" value="0" description="" />
   <keyValuePair key="ramb18_used" value="0" description="" />
   <keyValuePair key="ramb18_util_percentage" value="0.00" description="" />
   <keyValuePair key="ramb36_fifo_available" value="50" description="" />
   <keyValuePair key="ramb36_fifo_fixed" value="0" description="" />
   <keyValuePair key="ramb36_fifo_used" value="0" description="" />
   <keyValuePair key="ramb36_fifo_util_percentage" value="0.00" description="" />
  </section>
  <section name="primitives" level="2" order="5" description="">
   <keyValuePair key="bufg_functional_category" value="Clock" description="" />
   <keyValuePair key="bufg_used" value="3" description="" />
   <keyValuePair key="carry4_functional_category" value="CarryLogic" description="" />
   <keyValuePair key="carry4_used" value="155" description="" />
   <keyValuePair key="dsp48e1_functional_category" value="Block Arithmetic" description="" />
   <keyValuePair key="dsp48e1_used" value="17" description="" />
   <keyValuePair key="fdce_functional_category" value="Flop &amp; Latch" description="" />
   <keyValuePair key="fdce_used" value="261" description="" />
   <keyValuePair key="fdre_functional_category" value="Flop &amp; Latch" description="" />
   <keyValuePair key="fdre_used" value="1159" description="" />
   <keyValuePair key="fdse_functional_category" value="Flop &amp; Latch" description="" />
   <keyValuePair key="fdse_used" value="4" description="" />
   <keyValuePair key="ibuf_functional_category" value="IO" description="" />
   <keyValuePair key="ibuf_used" value="22" description="" />
   <keyValuePair key="lut1_functional_category" value="LUT" description="" />
   <keyValuePair key="lut1_used" value="103" description="" />
   <keyValuePair key="lut2_functional_category" value="LUT" description="" />
   <keyValuePair key="lut2_used" value="171" description="" />
   <keyValuePair key="lut3_functional_category" value="LUT" description="" />
   <keyValuePair key="lut3_used" value="610" description="" />
   <keyValuePair key="lut4_functional_category" value="LUT" description="" />
   <keyValuePair key="lut4_used" value="1292" description="" />
   <keyValuePair key="lut5_functional_category" value="LUT" description="" />
   <keyValuePair key="lut5_used" value="3227" description="" />
   <keyValuePair key="lut6_functional_category" value="LUT" description="" />
   <keyValuePair key="lut6_used" value="7176" description="" />
   <keyValuePair key="muxf7_functional_category" value="MuxFx" description="" />
   <keyValuePair key="muxf7_used" value="3954" description="" />
   <keyValuePair key="muxf8_functional_category" value="MuxFx" description="" />
   <keyValuePair key="muxf8_used" value="1802" description="" />
   <keyValuePair key="obuf_functional_category" value="IO" description="" />
   <keyValuePair key="obuf_used" value="29" description="" />
  </section>
  <section name="slice_logic" level="2" order="6" description="">
   <keyValuePair key="f7_muxes_available" value="16300" description="" />
   <keyValuePair key="f7_muxes_fixed" value="0" description="" />
   <keyValuePair key="f7_muxes_used" value="3954" description="" />
   <keyValuePair key="f7_muxes_util_percentage" value="24.26" description="" />
   <keyValuePair key="f8_muxes_available" value="8150" description="" />
   <keyValuePair key="f8_muxes_fixed" value="0" description="" />
   <keyValuePair key="f8_muxes_used" value="1802" description="" />
   <keyValuePair key="f8_muxes_util_percentage" value="22.11" description="" />
   <keyValuePair key="fully_used_lut_ff_pairs_fixed" value="3.42" description="" />
   <keyValuePair key="fully_used_lut_ff_pairs_used" value="6" description="" />
   <keyValuePair key="lut_as_distributed_ram_fixed" value="0" description="" />
   <keyValuePair key="lut_as_distributed_ram_used" value="0" description="" />
   <keyValuePair key="lut_as_logic_available" value="20800" description="" />
   <keyValuePair key="lut_as_logic_available" value="20800" description="" />
   <keyValuePair key="lut_as_logic_fixed" value="0" description="" />
   <keyValuePair key="lut_as_logic_fixed" value="0" description="" />
   <keyValuePair key="lut_as_logic_used" value="11489" description="" />
   <keyValuePair key="lut_as_logic_used" value="11489" description="" />
   <keyValuePair key="lut_as_logic_util_percentage" value="55.24" description="" />
   <keyValuePair key="lut_as_logic_util_percentage" value="55.24" description="" />
   <keyValuePair key="lut_as_memory_available" value="9600" description="" />
   <keyValuePair key="lut_as_memory_available" value="9600" description="" />
   <keyValuePair key="lut_as_memory_fixed" value="0" description="" />
   <keyValuePair key="lut_as_memory_fixed" value="0" description="" />
   <keyValuePair key="lut_as_memory_used" value="0" description="" />
   <keyValuePair key="lut_as_memory_used" value="0" description="" />
   <keyValuePair key="lut_as_memory_util_percentage" value="0.00" description="" />
   <keyValuePair key="lut_as_memory_util_percentage" value="0.00" description="" />
   <keyValuePair key="lut_as_shift_register_fixed" value="0" description="" />
   <keyValuePair key="lut_as_shift_register_used" value="0" description="" />
   <keyValuePair key="lut_ff_pairs_with_one_unused_flip_flop_fixed" value="0" description="" />
   <keyValuePair key="lut_ff_pairs_with_one_unused_flip_flop_used" value="261" description="" />
   <keyValuePair key="lut_ff_pairs_with_one_unused_lut_output_fixed" value="261" description="" />
   <keyValuePair key="lut_ff_pairs_with_one_unused_lut_output_used" value="284" description="" />
   <keyValuePair key="lut_flip_flop_pairs_available" value="20800" description="" />
   <keyValuePair key="lut_flip_flop_pairs_fixed" value="0" description="" />
   <keyValuePair key="lut_flip_flop_pairs_used" value="291" description="" />
   <keyValuePair key="lut_flip_flop_pairs_util_percentage" value="1.40" description="" />
   <keyValuePair key="register_as_flip_flop_available" value="41600" description="" />
   <keyValuePair key="register_as_flip_flop_fixed" value="0" description="" />
   <keyValuePair key="register_as_flip_flop_used" value="1424" description="" />
   <keyValuePair key="register_as_flip_flop_util_percentage" value="3.42" description="" />
   <keyValuePair key="register_as_latch_available" value="41600" description="" />
   <keyValuePair key="register_as_latch_fixed" value="0" description="" />
   <keyValuePair key="register_as_latch_used" value="0" description="" />
   <keyValuePair key="register_as_latch_util_percentage" value="0.00" description="" />
   <keyValuePair key="slice_available" value="8150" description="" />
   <keyValuePair key="slice_fixed" value="0" description="" />
   <keyValuePair key="slice_luts_available" value="20800" description="" />
   <keyValuePair key="slice_luts_fixed" value="0" description="" />
   <keyValuePair key="slice_luts_used" value="11489" description="" />
   <keyValuePair key="slice_luts_util_percentage" value="55.24" description="" />
   <keyValuePair key="slice_registers_available" value="41600" description="" />
   <keyValuePair key="slice_registers_fixed" value="0" description="" />
   <keyValuePair key="slice_registers_used" value="1424" description="" />
   <keyValuePair key="slice_registers_util_percentage" value="3.42" description="" />
   <keyValuePair key="slice_used" value="3232" description="" />
   <keyValuePair key="slice_util_percentage" value="39.66" description="" />
   <keyValuePair key="slicel_fixed" value="0" description="" />
   <keyValuePair key="slicel_used" value="2221" description="" />
   <keyValuePair key="slicem_fixed" value="0" description="" />
   <keyValuePair key="slicem_used" value="1011" description="" />
   <keyValuePair key="unique_control_sets_used" value="29" description="" />
   <keyValuePair key="using_o5_and_o6_fixed" value="29" description="" />
   <keyValuePair key="using_o5_and_o6_used" value="1090" description="" />
   <keyValuePair key="using_o5_output_only_fixed" value="1090" description="" />
   <keyValuePair key="using_o5_output_only_used" value="0" description="" />
   <keyValuePair key="using_o6_output_only_fixed" value="0" description="" />
   <keyValuePair key="using_o6_output_only_used" value="10399" description="" />
  </section>
  <section name="specific_feature" level="2" order="7" description="">
   <keyValuePair key="bscane2_available" value="4" description="" />
   <keyValuePair key="bscane2_fixed" value="0" description="" />
   <keyValuePair key="bscane2_used" value="0" description="" />
   <keyValuePair key="bscane2_util_percentage" value="0.00" description="" />
   <keyValuePair key="capturee2_available" value="1" description="" />
   <keyValuePair key="capturee2_fixed" value="0" description="" />
   <keyValuePair key="capturee2_used" value="0" description="" />
   <keyValuePair key="capturee2_util_percentage" value="0.00" description="" />
   <keyValuePair key="dna_port_available" value="1" description="" />
   <keyValuePair key="dna_port_fixed" value="0" description="" />
   <keyValuePair key="dna_port_used" value="0" description="" />
   <keyValuePair key="dna_port_util_percentage" value="0.00" description="" />
   <keyValuePair key="efuse_usr_available" value="1" description="" />
   <keyValuePair key="efuse_usr_fixed" value="0" description="" />
   <keyValuePair key="efuse_usr_used" value="0" description="" />
   <keyValuePair key="efuse_usr_util_percentage" value="0.00" description="" />
   <keyValuePair key="frame_ecce2_available" value="1" description="" />
   <keyValuePair key="frame_ecce2_fixed" value="0" description="" />
   <keyValuePair key="frame_ecce2_used" value="0" description="" />
   <keyValuePair key="frame_ecce2_util_percentage" value="0.00" description="" />
   <keyValuePair key="icape2_available" value="2" description="" />
   <keyValuePair key="icape2_fixed" value="0" description="" />
   <keyValuePair key="icape2_used" value="0" description="" />
   <keyValuePair key="icape2_util_percentage" value="0.00" description="" />
   <keyValuePair key="pcie_2_1_available" value="1" description="" />
   <keyValuePair key="pcie_2_1_fixed" value="0" description="" />
   <keyValuePair key="pcie_2_1_used" value="0" description="" />
   <keyValuePair key="pcie_2_1_util_percentage" value="0.00" description="" />
   <keyValuePair key="startupe2_available" value="1" description="" />
   <keyValuePair key="startupe2_fixed" value="0" description="" />
   <keyValuePair key="startupe2_used" value="0" description="" />
   <keyValuePair key="startupe2_util_percentage" value="0.00" description="" />
   <keyValuePair key="xadc_available" value="1" description="" />
   <keyValuePair key="xadc_fixed" value="0" description="" />
   <keyValuePair key="xadc_used" value="0" description="" />
   <keyValuePair key="xadc_util_percentage" value="0.00" description="" />
  </section>
 </section>
 <section name="router" level="1" order="7" description="">
  <section name="usage" level="2" order="1" description="">
   <keyValuePair key="actual_expansions" value="5457248" description="" />
   <keyValuePair key="bogomips" value="0" description="" />
   <keyValuePair key="bram18" value="0" description="" />
   <keyValuePair key="bram36" value="0" description="" />
   <keyValuePair key="bufg" value="0" description="" />
   <keyValuePair key="bufr" value="0" description="" />
   <keyValuePair key="congestion_level" value="0" description="" />
   <keyValuePair key="ctrls" value="29" description="" />
   <keyValuePair key="dsp" value="17" description="" />
   <keyValuePair key="effort" value="2" description="" />
   <keyValuePair key="estimated_expansions" value="7664076" description="" />
   <keyValuePair key="ff" value="1424" description="" />
   <keyValuePair key="global_clocks" value="3" description="" />
   <keyValuePair key="high_fanout_nets" value="3" description="" />
   <keyValuePair key="iob" value="51" description="" />
   <keyValuePair key="lut" value="12573" description="" />
   <keyValuePair key="movable_instances" value="20049" description="" />
   <keyValuePair key="nets" value="21349" description="" />
   <keyValuePair key="pins" value="119408" description="" />
   <keyValuePair key="pll" value="0" description="" />
   <keyValuePair key="router_runtime" value="0.000000" description="" />
   <keyValuePair key="router_timing_driven" value="1" description="" />
   <keyValuePair key="threads" value="2" description="" />
   <keyValuePair key="timing_constraints_exist" value="1" description="" />
  </section>
 </section>
 <section name="synthesis" level="1" order="8" description="">
  <section name="command_line_options" level="2" order="1" description="">
   <keyValuePair key="-assert" value="default::[not_specified]" description="" />
   <keyValuePair key="-bufg" value="default::12" description="" />
   <keyValuePair key="-cascade_dsp" value="default::auto" description="" />
   <keyValuePair key="-constrset" value="default::[not_specified]" description="" />
   <keyValuePair key="-control_set_opt_threshold" value="default::auto" description="" />
   <keyValuePair key="-directive" value="default::default" description="" />
   <keyValuePair key="-fanout_limit" value="default::10000" description="" />
   <keyValuePair key="-flatten_hierarchy" value="default::rebuilt" description="" />
   <keyValuePair key="-fsm_extraction" value="default::auto" description="" />
   <keyValuePair key="-gated_clock_conversion" value="default::off" description="" />
   <keyValuePair key="-generic" value="default::[not_specified]" description="" />
   <keyValuePair key="-include_dirs" value="default::[not_specified]" description="" />
   <keyValuePair key="-keep_equivalent_registers" value="default::[not_specified]" description="" />
   <keyValuePair key="-max_bram" value="default::-1" description="" />
   <keyValuePair key="-max_bram_cascade_height" value="default::-1" description="" />
   <keyValuePair key="-max_dsp" value="default::-1" description="" />
   <keyValuePair key="-max_uram" value="default::-1" description="" />
   <keyValuePair key="-max_uram_cascade_height" value="default::-1" description="" />
   <keyValuePair key="-mode" value="default::default" description="" />
   <keyValuePair key="-name" value="default::[not_specified]" description="" />
   <keyValuePair key="-no_lc" value="default::[not_specified]" description="" />
   <keyValuePair key="-no_srlextract" value="default::[not_specified]" description="" />
   <keyValuePair key="-no_timing_driven" value="default::[not_specified]" description="" />
   <keyValuePair key="-part" value="xc7a35tcpg236-1" description="" />
   <keyValuePair key="-resource_sharing" value="default::auto" description="" />
   <keyValuePair key="-retiming" value="default::[not_specified]" description="" />
   <keyValuePair key="-rtl" value="default::[not_specified]" description="" />
   <keyValuePair key="-rtl_skip_constraints" value="default::[not_specified]" description="" />
   <keyValuePair key="-rtl_skip_ip" value="default::[not_specified]" description="" />
   <keyValuePair key="-seu_protect" value="default::none" description="" />
   <keyValuePair key="-shreg_min_size" value="default::3" description="" />
   <keyValuePair key="-top" value="Fourier_Func_Gen" description="" />
   <keyValuePair key="-verilog_define" value="default::[not_specified]" description="" />
  </section>
  <section name="usage" level="2" order="2" description="">
   <keyValuePair key="elapsed" value="00:05:21s" description="" />
   <keyValuePair key="hls_ip" value="0" description="" />
   <keyValuePair key="memory_gain" value="771.410MB" description="" />
   <keyValuePair key="memory_peak" value="981.645MB" description="" />
  </section>
 </section>
 <section name="unisim_transformation" level="1" order="9" description="">
  <section name="post_unisim_transformation" level="2" order="1" description="">
   <keyValuePair key="bufg" value="3" description="" />
   <keyValuePair key="carry4" value="155" description="" />
   <keyValuePair key="dsp48e1" value="17" description="" />
   <keyValuePair key="fdce" value="261" description="" />
   <keyValuePair key="fdre" value="1159" description="" />
   <keyValuePair key="fdse" value="4" description="" />
   <keyValuePair key="gnd" value="33" description="" />
   <keyValuePair key="ibuf" value="22" description="" />
   <keyValuePair key="lut1" value="593" description="" />
   <keyValuePair key="lut2" value="171" description="" />
   <keyValuePair key="lut3" value="538" description="" />
   <keyValuePair key="lut4" value="1292" description="" />
   <keyValuePair key="lut5" value="3227" description="" />
   <keyValuePair key="lut6" value="7176" description="" />
   <keyValuePair key="muxf7" value="4026" description="" />
   <keyValuePair key="muxf8" value="1802" description="" />
   <keyValuePair key="obuf" value="29" description="" />
   <keyValuePair key="vcc" value="31" description="" />
  </section>
  <section name="pre_unisim_transformation" level="2" order="2" description="">
   <keyValuePair key="bufg" value="3" description="" />
   <keyValuePair key="carry4" value="155" description="" />
   <keyValuePair key="dsp48e1" value="17" description="" />
   <keyValuePair key="fdce" value="261" description="" />
   <keyValuePair key="fdre" value="1159" description="" />
   <keyValuePair key="fdse" value="4" description="" />
   <keyValuePair key="gnd" value="33" description="" />
   <keyValuePair key="ibuf" value="22" description="" />
   <keyValuePair key="lut1" value="593" description="" />
   <keyValuePair key="lut2" value="171" description="" />
   <keyValuePair key="lut3" value="538" description="" />
   <keyValuePair key="lut4" value="1292" description="" />
   <keyValuePair key="lut5" value="3227" description="" />
   <keyValuePair key="lut6" value="7176" description="" />
   <keyValuePair key="muxf7" value="4026" description="" />
   <keyValuePair key="muxf8" value="1802" description="" />
   <keyValuePair key="obuf" value="29" description="" />
   <keyValuePair key="vcc" value="31" description="" />
  </section>
 </section>
 <section name="vivado_usage" level="1" order="10" description="">
  <section name="gui_resources" level="2" order="1" description="">
   <keyValuePair key="amplitude_prescaler.vhd, 1199, 485" value="1" description="" />
   <keyValuePair key="amplitude_prescaler.vhd, 134, 504" value="1" description="" />
   <keyValuePair key="amplitude_prescaler.vhd, 252, 501" value="1" description="" />
   <keyValuePair key="amplitude_prescaler.vhd, 279, 347" value="2" description="" />
   <keyValuePair key="amplitude_prescaler.vhd, 279, 347, false, false, false, false, true" value="1" description="" />
   <keyValuePair key="amplitude_prescaler.vhd, 381, 502" value="1" description="" />
   <keyValuePair key="amplitude_prescaler.vhd, 385, 501" value="1" description="" />
   <keyValuePair key="amplitude_prescaler.vhd, 398, 502" value="1" description="" />
   <keyValuePair key="amplitude_prescaler.vhd, 409, 365" value="1" description="" />
   <keyValuePair key="amplitude_prescaler.vhd, 411, 505" value="1" description="" />
   <keyValuePair key="amplitude_prescaler.vhd, 420, 481" value="1" description="" />
   <keyValuePair key="amplitude_prescaler.vhd, 678, 482" value="1" description="" />
   <keyValuePair key="amplitude_prescaler.vhd, 76, 501" value="1" description="" />
   <keyValuePair key="amplitude_prescaler.vhd, 76, 501, false, false, false, false, true" value="1" description="" />
   <keyValuePair key="amplitude_prescaler.vhd, 79, 210" value="1" description="" />
   <keyValuePair key="amplitude_prescaler.vhd, 80, 348" value="1" description="" />
   <keyValuePair key="basedialog_cancel" value="7" description="" />
   <keyValuePair key="basedialog_ok" value="16" description="" />
   <keyValuePair key="basedialog_yes" value="10" description="" />
   <keyValuePair key="closeplanner_no" value="1" description="" />
   <keyValuePair key="cmdmsgdialog_ok" value="8" description="" />
   <keyValuePair key="filesetpanel_0_critical_warning" value="2" description="" />
   <keyValuePair key="filesetpanel_file_set_panel_tree" value="34" description="" />
   <keyValuePair key="findandreplacealldialog_find" value="1" description="" />
   <keyValuePair key="findinfilesview_replace_all_occurrences_in_all_files" value="1" description="" />
   <keyValuePair key="flownavigatortreepanel_flow_navigator_tree" value="40" description="" />
   <keyValuePair key="fourier_func_gen.vhd, 177, 362" value="2" description="" />
   <keyValuePair key="fourier_func_gen.vhd, 177, 362, false, false, false, false, true" value="1" description="" />
   <keyValuePair key="fourier_func_gen.vhd, 328, 364" value="1" description="" />
   <keyValuePair key="fourier_func_gen.vhd, 401, 369" value="1" description="" />
   <keyValuePair key="fourier_func_gen.vhd, 424, 299" value="1" description="" />
   <keyValuePair key="fourier_func_gen.vhd, 501, 217" value="1" description="" />
   <keyValuePair key="fourier_func_gen.vhd, 545, 357" value="1" description="" />
   <keyValuePair key="fourier_register.vhd, 104, 231" value="1" description="" />
   <keyValuePair key="fourier_register.vhd, 119, 335" value="1" description="" />
   <keyValuePair key="fourier_register.vhd, 120, 262" value="1" description="" />
   <keyValuePair key="fourier_register.vhd, 142, 262" value="1" description="" />
   <keyValuePair key="fourier_register.vhd, 144, 290" value="1" description="" />
   <keyValuePair key="fourier_register.vhd, 15, 252" value="1" description="" />
   <keyValuePair key="fourier_register.vhd, 164, 276" value="1" description="" />
   <keyValuePair key="fourier_register.vhd, 166, 309" value="1" description="" />
   <keyValuePair key="fourier_register.vhd, 171, 294" value="1" description="" />
   <keyValuePair key="fourier_register.vhd, 173, 320" value="1" description="" />
   <keyValuePair key="fourier_register.vhd, 177, 206" value="1" description="" />
   <keyValuePair key="fourier_register.vhd, 178, 491" value="1" description="" />
   <keyValuePair key="fourier_register.vhd, 179, 295" value="1" description="" />
   <keyValuePair key="fourier_register.vhd, 179, 298" value="1" description="" />
   <keyValuePair key="fourier_register.vhd, 185, 329" value="1" description="" />
   <keyValuePair key="fourier_register.vhd, 185, 338" value="1" description="" />
   <keyValuePair key="fourier_register.vhd, 185, 360" value="1" description="" />
   <keyValuePair key="fourier_register.vhd, 186, 166" value="1" description="" />
   <keyValuePair key="fourier_register.vhd, 187, 332" value="1" description="" />
   <keyValuePair key="fourier_register.vhd, 188, 281" value="1" description="" />
   <keyValuePair key="fourier_register.vhd, 188, 345" value="1" description="" />
   <keyValuePair key="fourier_register.vhd, 188, 347" value="1" description="" />
   <keyValuePair key="fourier_register.vhd, 188, 365" value="1" description="" />
   <keyValuePair key="fourier_register.vhd, 189, 298" value="1" description="" />
   <keyValuePair key="fourier_register.vhd, 189, 421" value="1" description="" />
   <keyValuePair key="fourier_register.vhd, 192, 308" value="1" description="" />
   <keyValuePair key="fourier_register.vhd, 196, 308" value="1" description="" />
   <keyValuePair key="fourier_register.vhd, 208, 111" value="1" description="" />
   <keyValuePair key="fourier_register.vhd, 209, 297" value="1" description="" />
   <keyValuePair key="fourier_register.vhd, 218, 322" value="1" description="" />
   <keyValuePair key="fourier_register.vhd, 219, 147" value="1" description="" />
   <keyValuePair key="fourier_register.vhd, 229, 402" value="1" description="" />
   <keyValuePair key="fourier_register.vhd, 237, 260" value="1" description="" />
   <keyValuePair key="fourier_register.vhd, 243, 347" value="1" description="" />
   <keyValuePair key="fourier_register.vhd, 245, 161" value="1" description="" />
   <keyValuePair key="fourier_register.vhd, 245, 57" value="1" description="" />
   <keyValuePair key="fourier_register.vhd, 248, 125" value="1" description="" />
   <keyValuePair key="fourier_register.vhd, 248, 176" value="1" description="" />
   <keyValuePair key="fourier_register.vhd, 249, 285" value="1" description="" />
   <keyValuePair key="fourier_register.vhd, 249, 78" value="1" description="" />
   <keyValuePair key="fourier_register.vhd, 250, 163" value="1" description="" />
   <keyValuePair key="fourier_register.vhd, 250, 165" value="1" description="" />
   <keyValuePair key="fourier_register.vhd, 250, 196" value="1" description="" />
   <keyValuePair key="fourier_register.vhd, 250, 314" value="1" description="" />
   <keyValuePair key="fourier_register.vhd, 250, 382" value="1" description="" />
   <keyValuePair key="fourier_register.vhd, 250, 58" value="1" description="" />
   <keyValuePair key="fourier_register.vhd, 250, 94" value="1" description="" />
   <keyValuePair key="fourier_register.vhd, 251, 129" value="1" description="" />
   <keyValuePair key="fourier_register.vhd, 251, 145" value="1" description="" />
   <keyValuePair key="fourier_register.vhd, 251, 96" value="1" description="" />
   <keyValuePair key="fourier_register.vhd, 252, 126" value="1" description="" />
   <keyValuePair key="fourier_register.vhd, 252, 127" value="1" description="" />
   <keyValuePair key="fourier_register.vhd, 252, 128" value="1" description="" />
   <keyValuePair key="fourier_register.vhd, 252, 214" value="1" description="" />
   <keyValuePair key="fourier_register.vhd, 252, 98" value="1" description="" />
   <keyValuePair key="fourier_register.vhd, 253, 113" value="1" description="" />
   <keyValuePair key="fourier_register.vhd, 253, 126" value="1" description="" />
   <keyValuePair key="fourier_register.vhd, 253, 146" value="1" description="" />
   <keyValuePair key="fourier_register.vhd, 253, 176" value="1" description="" />
   <keyValuePair key="fourier_register.vhd, 253, 99" value="1" description="" />
   <keyValuePair key="fourier_register.vhd, 260, 384" value="1" description="" />
   <keyValuePair key="fourier_register.vhd, 276, 179" value="1" description="" />
   <keyValuePair key="fourier_register.vhd, 277, 397" value="1" description="" />
   <keyValuePair key="fourier_register.vhd, 279, 281" value="1" description="" />
   <keyValuePair key="fourier_register.vhd, 285, 471" value="1" description="" />
   <keyValuePair key="fourier_register.vhd, 316, 368" value="1" description="" />
   <keyValuePair key="fourier_register.vhd, 394, 217" value="2" description="" />
   <keyValuePair key="fourier_register.vhd, 394, 217, false, false, false, false, true" value="1" description="" />
   <keyValuePair key="fourier_register.vhd, 420, 436" value="1" description="" />
   <keyValuePair key="fourier_register.vhd, 431, 286" value="1" description="" />
   <keyValuePair key="fourier_register.vhd, 445, 277" value="1" description="" />
   <keyValuePair key="fourier_register.vhd, 453, 267" value="1" description="" />
   <keyValuePair key="fourier_register.vhd, 495, 195" value="1" description="" />
   <keyValuePair key="fourier_register.vhd, 540, 211" value="1" description="" />
   <keyValuePair key="fourier_register.vhd, 551, 211" value="1" description="" />
   <keyValuePair key="fourier_register.vhd, 614, 249" value="2" description="" />
   <keyValuePair key="fourier_register.vhd, 614, 249, false, false, false, false, true" value="1" description="" />
   <keyValuePair key="fourier_register.vhd, 681, 215" value="1" description="" />
   <keyValuePair key="fourier_register.vhd, 698, 210" value="1" description="" />
   <keyValuePair key="fourier_register.vhd, 699, 232" value="1" description="" />
   <keyValuePair key="fourier_register.vhd, 70, 228" value="1" description="" />
   <keyValuePair key="fourier_register.vhd, 711, 225" value="1" description="" />
   <keyValuePair key="fourier_register.vhd, 755, 247" value="1" description="" />
   <keyValuePair key="fourier_register.vhd, 88, 285" value="1" description="" />
   <keyValuePair key="gettingstartedview_open_project" value="3" description="" />
   <keyValuePair key="hcodeeditor_search_text_combo_box" value="10" description="" />
   <keyValuePair key="messagewithoptiondialog_dont_show_this_dialog_again" value="4" description="" />
   <keyValuePair key="msgtreepanel_message_view_tree" value="21" description="" />
   <keyValuePair key="msgview_warning_messages" value="3" description="" />
   <keyValuePair key="pacommandnames_auto_connect_target" value="3" description="" />
   <keyValuePair key="pacommandnames_auto_update_hier" value="1" description="" />
   <keyValuePair key="pacommandnames_message_window" value="1" description="" />
   <keyValuePair key="paresourceatod.cmdmsgdialog_ok, ok" value="2" description="" />
   <keyValuePair key="paresourcecommand.pacommandnames_auto_connect_target, auto connect" value="1" description="" />
   <keyValuePair key="paresourceetoh.filesetpanel_file_set_panel_tree, [root, design sources, fourier_func_gen - behavioral (fourier_func_gen.vhd" value="8" description="" />
   <keyValuePair key="paresourceetoh.flownavigatortreepanel_flow_navigator_tree, [, program and debug, generate bitstream], 29, false, false, false, false, true, false" value="1" description="" />
   <keyValuePair key="paresourceetoh.flownavigatortreepanel_flow_navigator_tree, [, program and debug, hardware manager, program device], 31, false" value="1" description="" />
   <keyValuePair key="paresourceetoh.flownavigatortreepanel_flow_navigator_tree, [, program and debug, open hardware manager, open target], 31, false" value="1" description="" />
   <keyValuePair key="paresourceetoh.flownavigatortreepanel_flow_navigator_tree, [, program and debug, open hardware manager, program device], 32, false" value="1" description="" />
   <keyValuePair key="paresourceetoh.flownavigatortreepanel_flow_navigator_tree, [, program and debug, open hardware manager], 30" value="1" description="" />
   <keyValuePair key="paresourceetoh.flownavigatortreepanel_flow_navigator_tree, [, program and debug, open hardware manager], 30, true, false, false, false, true, false" value="1" description="" />
   <keyValuePair key="paresourceetoh.flownavigatortreepanel_flow_navigator_tree, [, rtl analysis, elaborated design], 14, true" value="1" description="" />
   <keyValuePair key="paresourceiton.msgtreepanel_message_view_tree, [, rtl_1, refresh_design. , [synth 8-3493] module &apos;fourier_register&apos; declared at &apos;c:/users/nmah/documents/github/cal-poly-slo-cpe-133/final_project_2/final_project_2.srcs/sources_1/new/fourier_register.vhd:34&apos; does not have matching formal port for component port &apos;reg0_inv&apos; [c:/users/nmah/documents/github/cal-poly-slo-cpe-133/final_project_2/final_project_2.srcs/sources_1/new/fourier_func_gen.vhd:128]. ], 2, true" value="1" description="" />
   <keyValuePair key="paresourceiton.msgtreepanel_message_view_tree, [, rtl_1, refresh_design. , [synth 8-426] missing choice(s" value="1" description="" />
   <keyValuePair key="paresourceiton.msgview_warning_messages, (string" value="1" description="" />
   <keyValuePair key="paresourceotop.programfpgadialog_program, program" value="1" description="" />
   <keyValuePair key="paresourceotop.projecttab_reload, reload" value="2" description="" />
   <keyValuePair key="paviews_code" value="2" description="" />
   <keyValuePair key="paviews_schematic" value="1" description="" />
   <keyValuePair key="programdebugtab_open_target" value="2" description="" />
   <keyValuePair key="programdebugtab_program_device" value="2" description="" />
   <keyValuePair key="programfpgadialog_program" value="4" description="" />
   <keyValuePair key="projecttab_reload" value="7" description="" />
   <keyValuePair key="rdicommands_delete" value="1" description="" />
   <keyValuePair key="rdiresource.basedialog_cancel, cancel" value="1" description="" />
   <keyValuePair key="rungadget_show_error_and_critical_warning_messages" value="1" description="" />
   <keyValuePair key="saveprojectutils_save" value="1" description="" />
   <keyValuePair key="scaler.vhd, 165, 329" value="1" description="" />
   <keyValuePair key="scaler.vhd, 210, 481" value="1" description="" />
   <keyValuePair key="scaler.vhd, 27, 483" value="1" description="" />
   <keyValuePair key="scaler.vhd, 308, 384" value="1" description="" />
   <keyValuePair key="scaler.vhd, 406, 451" value="1" description="" />
   <keyValuePair key="scaler.vhd, 422, 489" value="1" description="" />
   <keyValuePair key="scaler.vhd, 529, 499" value="1" description="" />
   <keyValuePair key="scaler.vhd, 534, 487" value="1" description="" />
   <keyValuePair key="scaler.vhd, 593, 498" value="1" description="" />
   <keyValuePair key="sincos_decoder.vhd, 1116, 351" value="1" description="" />
   <keyValuePair key="sincos_decoder.vhd, 33, 316" value="1" description="" />
   <keyValuePair key="sincos_decoder.vhd, 649, 353, true, false, false, false, false" value="1" description="" />
   <keyValuePair key="srcmenu_ip_hierarchy" value="1" description="" />
   <keyValuePair key="statemonitor_cancel" value="2" description="" />
   <keyValuePair key="statemonitor_reset_run" value="1" description="" />
   <keyValuePair key="statemonitor_reset_step" value="1" description="" />
  </section>
  <section name="java_command_handlers" level="2" order="2" description="">
   <keyValuePair key="addsources" value="20" description="" />
   <keyValuePair key="autoconnecttarget" value="9" description="" />
   <keyValuePair key="coreview" value="1" description="" />
   <keyValuePair key="createinterfacedefinitionhandler" value="1" description="" />
   <keyValuePair key="customizecore" value="1" description="" />
   <keyValuePair key="editdelete" value="13" description="" />
   <keyValuePair key="editpaste" value="23" description="" />
   <keyValuePair key="editredo" value="30" description="" />
   <keyValuePair key="editundo" value="64" description="" />
   <keyValuePair key="ippackagerwizardhandler" value="1" description="" />
   <keyValuePair key="launchprogramfpga" value="53" description="" />
   <keyValuePair key="newproject" value="1" description="" />
   <keyValuePair key="opendesign" value="1" description="" />
   <keyValuePair key="openexistingreport" value="4" description="" />
   <keyValuePair key="openhardwaremanager" value="41" description="" />
   <keyValuePair key="openproject" value="17" description="" />
   <keyValuePair key="openrecenttarget" value="6" description="" />
   <keyValuePair key="programdevice" value="18" description="" />
   <keyValuePair key="projectsettingscmdhandler" value="12" description="" />
   <keyValuePair key="refreshdevice" value="1" description="" />
   <keyValuePair key="reloaddesign" value="2" description="" />
   <keyValuePair key="runbitgen" value="70" description="" />
   <keyValuePair key="runimplementation" value="53" description="" />
   <keyValuePair key="runschematic" value="4" description="" />
   <keyValuePair key="runsynthesis" value="48" description="" />
   <keyValuePair key="savedesign" value="7" description="" />
   <keyValuePair key="savefileproxyhandler" value="23" description="" />
   <keyValuePair key="saveprojectas" value="4" description="" />
   <keyValuePair key="setsourceenabled" value="2" description="" />
   <keyValuePair key="settopnode" value="6" description="" />
   <keyValuePair key="showsource" value="3" description="" />
   <keyValuePair key="showview" value="60" description="" />
   <keyValuePair key="simulationbreak" value="27" description="" />
   <keyValuePair key="simulationclose" value="28" description="" />
   <keyValuePair key="simulationrestart" value="52" description="" />
   <keyValuePair key="simulationrun" value="104" description="" />
   <keyValuePair key="simulationrunall" value="5" description="" />
   <keyValuePair key="simulationrunfortime" value="139" description="" />
   <keyValuePair key="toggleautofitselection" value="1" description="" />
   <keyValuePair key="toolstemplates" value="1" description="" />
   <keyValuePair key="ui.views.b.h.e" value="14" description="" />
   <keyValuePair key="ui.views.c.h.e" value="13" description="" />
   <keyValuePair key="viewtaskimplementation" value="11" description="" />
   <keyValuePair key="viewtaskrtlanalysis" value="42" description="" />
   <keyValuePair key="viewtasksynthesis" value="1" description="" />
   <keyValuePair key="writecfgmemfile" value="1" description="" />
   <keyValuePair key="zoomfit" value="7" description="" />
   <keyValuePair key="zoomin" value="4" description="" />
   <keyValuePair key="zoomout" value="6" description="" />
  </section>
  <section name="other_data" level="2" order="3" description="">
   <keyValuePair key="guimode" value="15" description="" />
  </section>
  <section name="project_data" level="2" order="4" description="">
   <keyValuePair key="constraintsetcount" value="1" description="" />
   <keyValuePair key="core_container" value="false" description="" />
   <keyValuePair key="currentimplrun" value="impl_1" description="" />
   <keyValuePair key="currentsynthesisrun" value="synth_1" description="" />
   <keyValuePair key="default_library" value="xil_defaultlib" description="" />
   <keyValuePair key="designmode" value="RTL" description="" />
   <keyValuePair key="export_simulation_activehdl" value="1" description="" />
   <keyValuePair key="export_simulation_ies" value="1" description="" />
   <keyValuePair key="export_simulation_modelsim" value="1" description="" />
   <keyValuePair key="export_simulation_questa" value="1" description="" />
   <keyValuePair key="export_simulation_riviera" value="1" description="" />
   <keyValuePair key="export_simulation_vcs" value="1" description="" />
   <keyValuePair key="export_simulation_xsim" value="1" description="" />
   <keyValuePair key="implstrategy" value="Vivado Implementation Defaults" description="" />
   <keyValuePair key="launch_simulation_activehdl" value="0" description="" />
   <keyValuePair key="launch_simulation_ies" value="0" description="" />
   <keyValuePair key="launch_simulation_modelsim" value="0" description="" />
   <keyValuePair key="launch_simulation_questa" value="0" description="" />
   <keyValuePair key="launch_simulation_riviera" value="0" description="" />
   <keyValuePair key="launch_simulation_vcs" value="0" description="" />
   <keyValuePair key="launch_simulation_xsim" value="111" description="" />
   <keyValuePair key="simulator_language" value="Mixed" description="" />
   <keyValuePair key="srcsetcount" value="9" description="" />
   <keyValuePair key="synthesisstrategy" value="Vivado Synthesis Defaults" description="" />
   <keyValuePair key="target_language" value="VHDL" description="" />
   <keyValuePair key="target_simulator" value="XSim" description="" />
   <keyValuePair key="totalimplruns" value="1" description="" />
   <keyValuePair key="totalsynthesisruns" value="1" description="" />
  </section>
 </section>
 <section name="xsim" level="1" order="11" description="">
  <section name="command_line_options" level="2" order="1" description="">
   <keyValuePair key="-sim_mode" value="default::behavioral" description="" />
   <keyValuePair key="-sim_type" value="default::" description="" />
  </section>
 </section>
</section>
</webTalkData>
