<?xml version="1.0" encoding="UTF-8" ?>
<document>
<!--The data in this file is primarily intended for consumption by Xilinx tools.
The structure and the elements are likely to change over the next few releases.
This means code written to parse this file will need to be revisited each subsequent release.-->
<application name="pa" timeStamp="Mon Dec 12 13:12:57 2016">
<section name="Project Information" visible="false">
<property name="ProjectID" value="b63ea4ff9e0d4049966d0a5403b6799e" type="ProjectID"/>
<property name="ProjectIteration" value="113" type="ProjectIteration"/>
</section>
<section name="PlanAhead Usage" visible="true">
<item name="Project Data">
<property name="SrcSetCount" value="1" type="SrcSetCount"/>
<property name="ConstraintSetCount" value="1" type="ConstraintSetCount"/>
<property name="DesignMode" value="RTL" type="DesignMode"/>
<property name="SynthesisStrategy" value="Vivado Synthesis Defaults" type="SynthesisStrategy"/>
<property name="ImplStrategy" value="Vivado Implementation Defaults" type="ImplStrategy"/>
</item>
<item name="Java Command Handlers">
<property name="AddSources" value="20" type="JavaHandler"/>
<property name="AutoConnectTarget" value="9" type="JavaHandler"/>
<property name="CoreView" value="1" type="JavaHandler"/>
<property name="CreateInterfaceDefinitionHandler" value="1" type="JavaHandler"/>
<property name="CustomizeCore" value="1" type="JavaHandler"/>
<property name="EditDelete" value="13" type="JavaHandler"/>
<property name="EditPaste" value="23" type="JavaHandler"/>
<property name="EditRedo" value="30" type="JavaHandler"/>
<property name="EditUndo" value="64" type="JavaHandler"/>
<property name="IPPackagerWizardHandler" value="1" type="JavaHandler"/>
<property name="LaunchProgramFpga" value="53" type="JavaHandler"/>
<property name="NewProject" value="1" type="JavaHandler"/>
<property name="OpenDesign" value="1" type="JavaHandler"/>
<property name="OpenExistingReport" value="4" type="JavaHandler"/>
<property name="OpenHardwareManager" value="41" type="JavaHandler"/>
<property name="OpenProject" value="17" type="JavaHandler"/>
<property name="OpenRecentTarget" value="6" type="JavaHandler"/>
<property name="ProgramDevice" value="18" type="JavaHandler"/>
<property name="ProjectSettingsCmdHandler" value="12" type="JavaHandler"/>
<property name="RefreshDevice" value="1" type="JavaHandler"/>
<property name="ReloadDesign" value="2" type="JavaHandler"/>
<property name="RunBitgen" value="70" type="JavaHandler"/>
<property name="RunImplementation" value="53" type="JavaHandler"/>
<property name="RunSchematic" value="4" type="JavaHandler"/>
<property name="RunSynthesis" value="48" type="JavaHandler"/>
<property name="SaveDesign" value="7" type="JavaHandler"/>
<property name="SaveFileProxyHandler" value="23" type="JavaHandler"/>
<property name="SaveProjectAs" value="4" type="JavaHandler"/>
<property name="SetSourceEnabled" value="2" type="JavaHandler"/>
<property name="SetTopNode" value="6" type="JavaHandler"/>
<property name="ShowSource" value="3" type="JavaHandler"/>
<property name="ShowView" value="60" type="JavaHandler"/>
<property name="SimulationBreak" value="27" type="JavaHandler"/>
<property name="SimulationClose" value="28" type="JavaHandler"/>
<property name="SimulationRestart" value="52" type="JavaHandler"/>
<property name="SimulationRun" value="104" type="JavaHandler"/>
<property name="SimulationRunAll" value="5" type="JavaHandler"/>
<property name="SimulationRunForTime" value="139" type="JavaHandler"/>
<property name="ToggleAutoFitSelection" value="1" type="JavaHandler"/>
<property name="ToolsTemplates" value="1" type="JavaHandler"/>
<property name="ViewTaskImplementation" value="11" type="JavaHandler"/>
<property name="ViewTaskRTLAnalysis" value="42" type="JavaHandler"/>
<property name="ViewTaskSynthesis" value="1" type="JavaHandler"/>
<property name="WriteCfgMemFile" value="1" type="JavaHandler"/>
<property name="ZoomFit" value="7" type="JavaHandler"/>
<property name="ZoomIn" value="4" type="JavaHandler"/>
<property name="ZoomOut" value="6" type="JavaHandler"/>
<property name="ui.views.b.h.e" value="14" type="JavaHandler"/>
<property name="ui.views.c.h.e" value="13" type="JavaHandler"/>
</item>
<item name="Gui Resources Info">
<property name="BaseDialog_CANCEL" value="7" type="GuiResourceData"/>
<property name="BaseDialog_OK" value="16" type="GuiResourceData"/>
<property name="BaseDialog_YES" value="10" type="GuiResourceData"/>
<property name="ClosePlanner_NO" value="1" type="GuiResourceData"/>
<property name="CmdMsgDialog_OK" value="8" type="GuiResourceData"/>
<property name="FileSetPanel_0_CRITICAL_WARNING" value="2" type="GuiResourceData"/>
<property name="FileSetPanel_FILE_SET_PANEL_TREE" value="34" type="GuiResourceData"/>
<property name="FindAndReplaceAllDialog_FIND" value="1" type="GuiResourceData"/>
<property name="FindInFilesView_REPLACE_ALL_OCCURRENCES_IN_ALL_FILES" value="1" type="GuiResourceData"/>
<property name="FlowNavigatorTreePanel_FLOW_NAVIGATOR_TREE" value="40" type="GuiResourceData"/>
<property name="Fourier_Func_Gen.vhd, 177, 362" value="2" type="GuiResourceData"/>
<property name="Fourier_Func_Gen.vhd, 177, 362, false, false, false, false, true" value="1" type="GuiResourceData"/>
<property name="Fourier_Func_Gen.vhd, 328, 364" value="1" type="GuiResourceData"/>
<property name="Fourier_Func_Gen.vhd, 401, 369" value="1" type="GuiResourceData"/>
<property name="Fourier_Func_Gen.vhd, 424, 299" value="1" type="GuiResourceData"/>
<property name="Fourier_Func_Gen.vhd, 501, 217" value="1" type="GuiResourceData"/>
<property name="Fourier_Func_Gen.vhd, 545, 357" value="1" type="GuiResourceData"/>
<property name="Fourier_Register.vhd, 104, 231" value="1" type="GuiResourceData"/>
<property name="Fourier_Register.vhd, 119, 335" value="1" type="GuiResourceData"/>
<property name="Fourier_Register.vhd, 120, 262" value="1" type="GuiResourceData"/>
<property name="Fourier_Register.vhd, 142, 262" value="1" type="GuiResourceData"/>
<property name="Fourier_Register.vhd, 144, 290" value="1" type="GuiResourceData"/>
<property name="Fourier_Register.vhd, 15, 252" value="1" type="GuiResourceData"/>
<property name="Fourier_Register.vhd, 164, 276" value="1" type="GuiResourceData"/>
<property name="Fourier_Register.vhd, 166, 309" value="1" type="GuiResourceData"/>
<property name="Fourier_Register.vhd, 171, 294" value="1" type="GuiResourceData"/>
<property name="Fourier_Register.vhd, 173, 320" value="1" type="GuiResourceData"/>
<property name="Fourier_Register.vhd, 177, 206" value="1" type="GuiResourceData"/>
<property name="Fourier_Register.vhd, 178, 491" value="1" type="GuiResourceData"/>
<property name="Fourier_Register.vhd, 179, 295" value="1" type="GuiResourceData"/>
<property name="Fourier_Register.vhd, 179, 298" value="1" type="GuiResourceData"/>
<property name="Fourier_Register.vhd, 185, 329" value="1" type="GuiResourceData"/>
<property name="Fourier_Register.vhd, 185, 338" value="1" type="GuiResourceData"/>
<property name="Fourier_Register.vhd, 185, 360" value="1" type="GuiResourceData"/>
<property name="Fourier_Register.vhd, 186, 166" value="1" type="GuiResourceData"/>
<property name="Fourier_Register.vhd, 187, 332" value="1" type="GuiResourceData"/>
<property name="Fourier_Register.vhd, 188, 281" value="1" type="GuiResourceData"/>
<property name="Fourier_Register.vhd, 188, 345" value="1" type="GuiResourceData"/>
<property name="Fourier_Register.vhd, 188, 347" value="1" type="GuiResourceData"/>
<property name="Fourier_Register.vhd, 188, 365" value="1" type="GuiResourceData"/>
<property name="Fourier_Register.vhd, 189, 298" value="1" type="GuiResourceData"/>
<property name="Fourier_Register.vhd, 189, 421" value="1" type="GuiResourceData"/>
<property name="Fourier_Register.vhd, 192, 308" value="1" type="GuiResourceData"/>
<property name="Fourier_Register.vhd, 196, 308" value="1" type="GuiResourceData"/>
<property name="Fourier_Register.vhd, 208, 111" value="1" type="GuiResourceData"/>
<property name="Fourier_Register.vhd, 209, 297" value="1" type="GuiResourceData"/>
<property name="Fourier_Register.vhd, 218, 322" value="1" type="GuiResourceData"/>
<property name="Fourier_Register.vhd, 219, 147" value="1" type="GuiResourceData"/>
<property name="Fourier_Register.vhd, 229, 402" value="1" type="GuiResourceData"/>
<property name="Fourier_Register.vhd, 237, 260" value="1" type="GuiResourceData"/>
<property name="Fourier_Register.vhd, 243, 347" value="1" type="GuiResourceData"/>
<property name="Fourier_Register.vhd, 245, 161" value="1" type="GuiResourceData"/>
<property name="Fourier_Register.vhd, 245, 57" value="1" type="GuiResourceData"/>
<property name="Fourier_Register.vhd, 248, 125" value="1" type="GuiResourceData"/>
<property name="Fourier_Register.vhd, 248, 176" value="1" type="GuiResourceData"/>
<property name="Fourier_Register.vhd, 249, 285" value="1" type="GuiResourceData"/>
<property name="Fourier_Register.vhd, 249, 78" value="1" type="GuiResourceData"/>
<property name="Fourier_Register.vhd, 250, 163" value="1" type="GuiResourceData"/>
<property name="Fourier_Register.vhd, 250, 165" value="1" type="GuiResourceData"/>
<property name="Fourier_Register.vhd, 250, 196" value="1" type="GuiResourceData"/>
<property name="Fourier_Register.vhd, 250, 314" value="1" type="GuiResourceData"/>
<property name="Fourier_Register.vhd, 250, 382" value="1" type="GuiResourceData"/>
<property name="Fourier_Register.vhd, 250, 58" value="1" type="GuiResourceData"/>
<property name="Fourier_Register.vhd, 250, 94" value="1" type="GuiResourceData"/>
<property name="Fourier_Register.vhd, 251, 129" value="1" type="GuiResourceData"/>
<property name="Fourier_Register.vhd, 251, 145" value="1" type="GuiResourceData"/>
<property name="Fourier_Register.vhd, 251, 96" value="1" type="GuiResourceData"/>
<property name="Fourier_Register.vhd, 252, 126" value="1" type="GuiResourceData"/>
<property name="Fourier_Register.vhd, 252, 127" value="1" type="GuiResourceData"/>
<property name="Fourier_Register.vhd, 252, 128" value="1" type="GuiResourceData"/>
<property name="Fourier_Register.vhd, 252, 214" value="1" type="GuiResourceData"/>
<property name="Fourier_Register.vhd, 252, 98" value="1" type="GuiResourceData"/>
<property name="Fourier_Register.vhd, 253, 113" value="1" type="GuiResourceData"/>
<property name="Fourier_Register.vhd, 253, 126" value="1" type="GuiResourceData"/>
<property name="Fourier_Register.vhd, 253, 146" value="1" type="GuiResourceData"/>
<property name="Fourier_Register.vhd, 253, 176" value="1" type="GuiResourceData"/>
<property name="Fourier_Register.vhd, 253, 99" value="1" type="GuiResourceData"/>
<property name="Fourier_Register.vhd, 260, 384" value="1" type="GuiResourceData"/>
<property name="Fourier_Register.vhd, 276, 179" value="1" type="GuiResourceData"/>
<property name="Fourier_Register.vhd, 277, 397" value="1" type="GuiResourceData"/>
<property name="Fourier_Register.vhd, 279, 281" value="1" type="GuiResourceData"/>
<property name="Fourier_Register.vhd, 285, 471" value="1" type="GuiResourceData"/>
<property name="Fourier_Register.vhd, 316, 368" value="1" type="GuiResourceData"/>
<property name="Fourier_Register.vhd, 394, 217" value="2" type="GuiResourceData"/>
<property name="Fourier_Register.vhd, 394, 217, false, false, false, false, true" value="1" type="GuiResourceData"/>
<property name="Fourier_Register.vhd, 420, 436" value="1" type="GuiResourceData"/>
<property name="Fourier_Register.vhd, 431, 286" value="1" type="GuiResourceData"/>
<property name="Fourier_Register.vhd, 445, 277" value="1" type="GuiResourceData"/>
<property name="Fourier_Register.vhd, 453, 267" value="1" type="GuiResourceData"/>
<property name="Fourier_Register.vhd, 495, 195" value="1" type="GuiResourceData"/>
<property name="Fourier_Register.vhd, 540, 211" value="1" type="GuiResourceData"/>
<property name="Fourier_Register.vhd, 551, 211" value="1" type="GuiResourceData"/>
<property name="Fourier_Register.vhd, 614, 249" value="2" type="GuiResourceData"/>
<property name="Fourier_Register.vhd, 614, 249, false, false, false, false, true" value="1" type="GuiResourceData"/>
<property name="Fourier_Register.vhd, 681, 215" value="1" type="GuiResourceData"/>
<property name="Fourier_Register.vhd, 698, 210" value="1" type="GuiResourceData"/>
<property name="Fourier_Register.vhd, 699, 232" value="1" type="GuiResourceData"/>
<property name="Fourier_Register.vhd, 70, 228" value="1" type="GuiResourceData"/>
<property name="Fourier_Register.vhd, 711, 225" value="1" type="GuiResourceData"/>
<property name="Fourier_Register.vhd, 755, 247" value="1" type="GuiResourceData"/>
<property name="Fourier_Register.vhd, 88, 285" value="1" type="GuiResourceData"/>
<property name="GettingStartedView_OPEN_PROJECT" value="3" type="GuiResourceData"/>
<property name="HCodeEditor_SEARCH_TEXT_COMBO_BOX" value="10" type="GuiResourceData"/>
<property name="MessageWithOptionDialog_DONT_SHOW_THIS_DIALOG_AGAIN" value="4" type="GuiResourceData"/>
<property name="MsgTreePanel_MESSAGE_VIEW_TREE" value="21" type="GuiResourceData"/>
<property name="MsgView_WARNING_MESSAGES" value="3" type="GuiResourceData"/>
<property name="PACommandNames_AUTO_CONNECT_TARGET" value="3" type="GuiResourceData"/>
<property name="PACommandNames_AUTO_UPDATE_HIER" value="1" type="GuiResourceData"/>
<property name="PACommandNames_MESSAGE_WINDOW" value="1" type="GuiResourceData"/>
<property name="PAResourceAtoD.CmdMsgDialog_OK, OK" value="2" type="GuiResourceData"/>
<property name="PAResourceCommand.PACommandNames_AUTO_CONNECT_TARGET, Auto Connect" value="1" type="GuiResourceData"/>
<property name="PAResourceEtoH.FileSetPanel_FILE_SET_PANEL_TREE, [root, Design Sources, Fourier_Func_Gen - Behavioral (Fourier_Func_Gen.vhd" value="8" type="GuiResourceData"/>
<property name="PAResourceEtoH.FlowNavigatorTreePanel_FLOW_NAVIGATOR_TREE, [, Program and Debug, Generate Bitstream], 29, false, false, false, false, true, false" value="1" type="GuiResourceData"/>
<property name="PAResourceEtoH.FlowNavigatorTreePanel_FLOW_NAVIGATOR_TREE, [, Program and Debug, Hardware Manager, Program Device], 31, false" value="1" type="GuiResourceData"/>
<property name="PAResourceEtoH.FlowNavigatorTreePanel_FLOW_NAVIGATOR_TREE, [, Program and Debug, Open Hardware Manager, Open Target], 31, false" value="1" type="GuiResourceData"/>
<property name="PAResourceEtoH.FlowNavigatorTreePanel_FLOW_NAVIGATOR_TREE, [, Program and Debug, Open Hardware Manager, Program Device], 32, false" value="1" type="GuiResourceData"/>
<property name="PAResourceEtoH.FlowNavigatorTreePanel_FLOW_NAVIGATOR_TREE, [, Program and Debug, Open Hardware Manager], 30" value="1" type="GuiResourceData"/>
<property name="PAResourceEtoH.FlowNavigatorTreePanel_FLOW_NAVIGATOR_TREE, [, Program and Debug, Open Hardware Manager], 30, true, false, false, false, true, false" value="1" type="GuiResourceData"/>
<property name="PAResourceEtoH.FlowNavigatorTreePanel_FLOW_NAVIGATOR_TREE, [, RTL Analysis, Elaborated Design], 14, true" value="1" type="GuiResourceData"/>
<property name="PAResourceItoN.MsgTreePanel_MESSAGE_VIEW_TREE, [, rtl_1, refresh_design. , [Synth 8-3493] module 'fourier_register' declared at 'C:/Users/nmah/Documents/GitHub/Cal-Poly-SLO-CPE-133/Final_Project_2/Final_Project_2.srcs/sources_1/new/Fourier_Register.vhd:34' does not have matching formal port for component port 'reg0_inv' [C:/Users/nmah/Documents/GitHub/Cal-Poly-SLO-CPE-133/Final_Project_2/Final_Project_2.srcs/sources_1/new/Fourier_Func_Gen.vhd:128]. ], 2, true" value="1" type="GuiResourceData"/>
<property name="PAResourceItoN.MsgTreePanel_MESSAGE_VIEW_TREE, [, rtl_1, refresh_design. , [Synth 8-426] missing choice(s" value="1" type="GuiResourceData"/>
<property name="PAResourceItoN.MsgView_WARNING_MESSAGES, (String" value="1" type="GuiResourceData"/>
<property name="PAResourceOtoP.ProgramFpgaDialog_PROGRAM, Program" value="1" type="GuiResourceData"/>
<property name="PAResourceOtoP.ProjectTab_RELOAD, Reload" value="2" type="GuiResourceData"/>
<property name="PAViews_CODE" value="2" type="GuiResourceData"/>
<property name="PAViews_SCHEMATIC" value="1" type="GuiResourceData"/>
<property name="ProgramDebugTab_OPEN_TARGET" value="2" type="GuiResourceData"/>
<property name="ProgramDebugTab_PROGRAM_DEVICE" value="2" type="GuiResourceData"/>
<property name="ProgramFpgaDialog_PROGRAM" value="4" type="GuiResourceData"/>
<property name="ProjectTab_RELOAD" value="7" type="GuiResourceData"/>
<property name="RDICommands_DELETE" value="1" type="GuiResourceData"/>
<property name="RDIResource.BaseDialog_CANCEL, Cancel" value="1" type="GuiResourceData"/>
<property name="RunGadget_SHOW_ERROR_AND_CRITICAL_WARNING_MESSAGES" value="1" type="GuiResourceData"/>
<property name="SaveProjectUtils_SAVE" value="1" type="GuiResourceData"/>
<property name="Scaler.vhd, 165, 329" value="1" type="GuiResourceData"/>
<property name="Scaler.vhd, 210, 481" value="1" type="GuiResourceData"/>
<property name="Scaler.vhd, 27, 483" value="1" type="GuiResourceData"/>
<property name="Scaler.vhd, 308, 384" value="1" type="GuiResourceData"/>
<property name="Scaler.vhd, 406, 451" value="1" type="GuiResourceData"/>
<property name="Scaler.vhd, 422, 489" value="1" type="GuiResourceData"/>
<property name="Scaler.vhd, 529, 499" value="1" type="GuiResourceData"/>
<property name="Scaler.vhd, 534, 487" value="1" type="GuiResourceData"/>
<property name="Scaler.vhd, 593, 498" value="1" type="GuiResourceData"/>
<property name="SinCos_Decoder.vhd, 1116, 351" value="1" type="GuiResourceData"/>
<property name="SinCos_Decoder.vhd, 33, 316" value="1" type="GuiResourceData"/>
<property name="SinCos_Decoder.vhd, 649, 353, true, false, false, false, false" value="1" type="GuiResourceData"/>
<property name="SrcMenu_IP_HIERARCHY" value="1" type="GuiResourceData"/>
<property name="StateMonitor_CANCEL" value="2" type="GuiResourceData"/>
<property name="StateMonitor_RESET_RUN" value="1" type="GuiResourceData"/>
<property name="StateMonitor_RESET_STEP" value="1" type="GuiResourceData"/>
<property name="amplitude_prescaler.vhd, 1199, 485" value="1" type="GuiResourceData"/>
<property name="amplitude_prescaler.vhd, 134, 504" value="1" type="GuiResourceData"/>
<property name="amplitude_prescaler.vhd, 252, 501" value="1" type="GuiResourceData"/>
<property name="amplitude_prescaler.vhd, 279, 347" value="2" type="GuiResourceData"/>
<property name="amplitude_prescaler.vhd, 279, 347, false, false, false, false, true" value="1" type="GuiResourceData"/>
<property name="amplitude_prescaler.vhd, 381, 502" value="1" type="GuiResourceData"/>
<property name="amplitude_prescaler.vhd, 385, 501" value="1" type="GuiResourceData"/>
<property name="amplitude_prescaler.vhd, 398, 502" value="1" type="GuiResourceData"/>
<property name="amplitude_prescaler.vhd, 409, 365" value="1" type="GuiResourceData"/>
<property name="amplitude_prescaler.vhd, 411, 505" value="1" type="GuiResourceData"/>
<property name="amplitude_prescaler.vhd, 420, 481" value="1" type="GuiResourceData"/>
<property name="amplitude_prescaler.vhd, 678, 482" value="1" type="GuiResourceData"/>
<property name="amplitude_prescaler.vhd, 76, 501" value="1" type="GuiResourceData"/>
<property name="amplitude_prescaler.vhd, 76, 501, false, false, false, false, true" value="1" type="GuiResourceData"/>
<property name="amplitude_prescaler.vhd, 79, 210" value="1" type="GuiResourceData"/>
<property name="amplitude_prescaler.vhd, 80, 348" value="1" type="GuiResourceData"/>
</item>
</section>
</application>
</document>
