<?xml version="1.0" encoding="UTF-8"?>
<GenRun Id="synth_1" LaunchPart="xc7a35tcpg236-1" LaunchTime="1481577177">
  <File Type="RDS-PROPCONSTRS" Name="Fourier_Func_Gen_drc_synth.rpt"/>
  <File Type="PA-TCL" Name="Fourier_Func_Gen.tcl"/>
  <File Type="RDS-RDS" Name="Fourier_Func_Gen.vds"/>
  <File Type="RDS-UTIL" Name="Fourier_Func_Gen_utilization_synth.rpt"/>
  <File Type="RDS-UTIL-PB" Name="Fourier_Func_Gen_utilization_synth.pb"/>
  <File Type="RDS-DCP" Name="Fourier_Func_Gen.dcp"/>
  <File Type="VDS-TIMINGSUMMARY" Name="Fourier_Func_Gen_timing_summary_synth.rpt"/>
  <File Type="VDS-TIMING-PB" Name="Fourier_Func_Gen_timing_summary_synth.pb"/>
  <FileSet Name="sources" Type="DesignSrcs" RelSrcDir="$PSRCDIR/sources_1">
    <Filter Type="Srcs"/>
    <File Path="$PSRCDIR/sources_1/new/Disp_Output.vhd">
      <FileInfo>
        <Attr Name="ImportPath" Val="$PPRDIR/../Final_Project_1/Final_Project_1.srcs/sources_1/new/Disp_Output.vhd"/>
        <Attr Name="ImportTime" Val="1481138058"/>
        <Attr Name="UsedIn" Val="synthesis"/>
        <Attr Name="UsedIn" Val="simulation"/>
      </FileInfo>
    </File>
    <File Path="$PSRCDIR/sources_1/new/Fourier_Register.vhd">
      <FileInfo>
        <Attr Name="ImportPath" Val="$PPRDIR/../Final Project/Final Project.srcs/sources_1/new/Fourier_Register.vhd"/>
        <Attr Name="ImportTime" Val="1480532973"/>
        <Attr Name="UsedIn" Val="synthesis"/>
        <Attr Name="UsedIn" Val="simulation"/>
      </FileInfo>
    </File>
    <File Path="$PSRCDIR/sources_1/new/Sev_Seg_Driver.vhd">
      <FileInfo>
        <Attr Name="ImportPath" Val="$PPRDIR/../Final_Project/Final_Project.srcs/sources_1/new/Sev_Seg_Driver.vhd"/>
        <Attr Name="ImportTime" Val="1480705780"/>
        <Attr Name="UsedIn" Val="synthesis"/>
        <Attr Name="UsedIn" Val="simulation"/>
      </FileInfo>
    </File>
    <File Path="$PSRCDIR/sources_1/new/Sigma_Delta.vhd">
      <FileInfo>
        <Attr Name="ImportPath" Val="$PPRDIR/../Final Project/Final Project.srcs/sources_1/new/Sigma_Delta.vhd"/>
        <Attr Name="ImportTime" Val="1480532973"/>
        <Attr Name="UsedIn" Val="synthesis"/>
        <Attr Name="UsedIn" Val="simulation"/>
      </FileInfo>
    </File>
    <File Path="$PSRCDIR/sources_1/new/Clock_Divider.vhd">
      <FileInfo>
        <Attr Name="ImportPath" Val="$PPRDIR/../Final Project/Final Project.srcs/sources_1/new/Clock_Divider.vhd"/>
        <Attr Name="ImportTime" Val="1480532973"/>
        <Attr Name="UsedIn" Val="synthesis"/>
        <Attr Name="UsedIn" Val="simulation"/>
      </FileInfo>
    </File>
    <File Path="$PSRCDIR/sources_1/new/Fourier_Func_Gen.vhd">
      <FileInfo>
        <Attr Name="ImportPath" Val="$PPRDIR/../Final_Project/Final_Project.srcs/sources_1/new/Fourier_Func_Gen.vhd"/>
        <Attr Name="ImportTime" Val="1480705780"/>
        <Attr Name="UsedIn" Val="synthesis"/>
        <Attr Name="UsedIn" Val="simulation"/>
      </FileInfo>
    </File>
    <File Path="$PSRCDIR/sources_1/new/Scaler.vhd">
      <FileInfo>
        <Attr Name="ImportPath" Val="$PPRDIR/../Final_Project/Final_Project.srcs/sources_1/new/Scaler.vhd"/>
        <Attr Name="ImportTime" Val="1481310789"/>
        <Attr Name="UsedIn" Val="synthesis"/>
        <Attr Name="UsedIn" Val="simulation"/>
      </FileInfo>
    </File>
    <File Path="$PSRCDIR/sources_1/new/SinCos_Decoder.vhd">
      <FileInfo>
        <Attr Name="ImportPath" Val="$PPRDIR/../Final_Project/Final_Project.srcs/sources_1/new/SinCos_Decoder.vhd"/>
        <Attr Name="ImportTime" Val="1481310789"/>
        <Attr Name="UsedIn" Val="synthesis"/>
        <Attr Name="UsedIn" Val="simulation"/>
      </FileInfo>
    </File>
    <File Path="$PSRCDIR/sources_1/new/SinCos_Decoder_Inv.vhd">
      <FileInfo>
        <Attr Name="UsedIn" Val="synthesis"/>
        <Attr Name="UsedIn" Val="simulation"/>
      </FileInfo>
    </File>
    <Config>
      <Option Name="DesignMode" Val="RTL"/>
      <Option Name="TopModule" Val="Fourier_Func_Gen"/>
    </Config>
  </FileSet>
  <FileSet Name="constrs_in" Type="Constrs" RelSrcDir="$PSRCDIR/constrs_1">
    <Filter Type="Constrs"/>
    <File Path="$PSRCDIR/constrs_1/new/Constraints.xdc">
      <FileInfo>
        <Attr Name="ImportPath" Val="$PPRDIR/../Final_Project_1/Final_Project_1.srcs/constrs_1/new/Constraints.xdc"/>
        <Attr Name="ImportTime" Val="1481138058"/>
        <Attr Name="UsedIn" Val="synthesis"/>
        <Attr Name="UsedIn" Val="implementation"/>
      </FileInfo>
    </File>
    <Config>
      <Option Name="TargetConstrsFile" Val="$PSRCDIR/constrs_1/new/Constraints.xdc"/>
      <Option Name="ConstrsType" Val="XDC"/>
    </Config>
  </FileSet>
  <Strategy Version="1" Minor="2">
    <StratHandle Name="Vivado Synthesis Defaults" Flow="Vivado Synthesis 2016"/>
    <Step Id="synth_design"/>
  </Strategy>
</GenRun>
